jump,jump_date,jump_type,location,team,aircraft,container,canopy,altitude,delay,formation,remarks
1,6/4/2010,,14,,1,,15,10000,0,,
2,6/11/2011,,9,,5,,15,13000,0,,
3,6/30/2012,,3,,6,,15,14000,0,,
4,8/11/2012,,3,,6,,9,13500,60,,"good exit, nice response to legs out, good alt awareness, very nice canopy - don't forget the PLF, great skydive"
5,8/11/2012,,3,,6,,9,13500,60,,"nice exit - COA nice response legs out 2 nice PPCT's - ok L180 - weak R180 - great fo2ard, good AA, wave @5500 - great canopy control - flare all the way - PLF"
6,8/12/2012,,3,,6,,9,12500,60,,yucky exit - COA - 1PPCT - got several legs out - stopped turn - nice pull @5500 - work on presentation and legs out - great canopy control
7,8/12/2012,,3,,6,,9,13000,60,,need to present on exit more - nice 90's - wave @5000 and pull - great canopy - nice PLF
8,8/12/2012,,3,,6,,9,13000,60,,"stable exit - still need to present - nice 360 - good fo2ard - bad aim - 2 nice 360's, good AA, wave @5000 and pull, maintain body position during pull, low tight pattern, nice flare"
9,8/12/2012,,3,,6,,9,13500,60,,"great exit, nice BR, one self hug, one Y2BR - nice closing, one KP some back sliding - great canopy control, flared a little high"
10,8/17/2012,,3,,6,,9,13500,60,,"Dove out front loop, got stable - back loop on heading - barrel roll on heading - front loop (halfway), off heading, did again and rallied - very stable and controlled - good pull - good canopy"
11,8/17/2012,,3,,6,,9,13500,60,,"good jump out exit and practice pull - slow into 8, then away on heading and fast - good job - good pull - good canopy - a little high on final and very timid on low turns - can turn harder close to ground"
12,8/17/2012,,3,,6,,9,13500,60,,"8ing fo2ard, need to straigten legs - keep arms out slightly - push down more with hands"
13,8/19/2012,,3,,6,,6,5000,3,,"good launch, took eyes off airplane, rotated left, recovered and pulled at 3 seconds. good jump!"
14,8/19/2012,,3,,6,,6,13500,60,,"good front float exit - good aggressive fly fo2ard and docks (4 docks) - ok 8, arms were fo2ard, but still had nice speed - good canopy control and landing"
15,8/19/2012,,3,,6,,6,11500,50,,"smooth 2-way exit - good fall rate matching, 3 of each up and down - nice 8, arms down and drive a little more. landing long and a little rough"
16,8/19/2012,,3,,6,,6,12000,50,,"good aggressive fly fo2ards - good exit from front float - keep arms back to dock nice 8, lots of distance - roll the shoulder to flatten the 7 - long spot, didn't have to do canopy drills"
17,8/24/2012,,3,,6,,6,13500,60,,"good exit, if you're going to flip, pull legs towards butt - when diving point head more in direction you would like to go - stand up landing"
18,8/24/2012,,3,,6,,6,13500,60,,"awesome exit, good job presenting hips - good solid soft dock - 8ed super well and super fast - keep checking your altitude - overall awesome jump"
19,8/24/2012,,3,,6,,6,15000,70,,very solid knee turns - work on keeping rest of body neutral
20,8/24/2012,,3,,6,,6,13500,60,,"need more upper body in turns - remembver to 8 off line of flight - don't be so high on final, give it another turn"
21,8/25/2012,,3,,6,,6,13500,60,,Throw left out more on slide - less down = less turn - corners down on approach - not so high
22,8/25/2012,,3,,6,,6,12000,50,,"3 way rounds (wags and josh) - steady exit, stable, more pee on hydrant - round slide - round 8 - stay stable, 6 inches, bring arms in - line twists, don't freak out"
23,8/26/2012,,3,,6,,5,12500,50,,"Train exit, try and push feet down more when transitioning from belly to sit, bend knees and try to move symmetrically - awesome first sitfly attempt"
24,8/21/2012,,3,,6,,5,4000,5,,"hop & pop - looked at plane fly away - started to turn, recovered and pulled"
25,8/31/2012,,3,,6,,5,13500,60,,CHECK DIVE - A License Achieved
26,8/31/2012,2,3,,6,,5,13500,60,,I dislike the SK's 170. misfires left brake all the time - just had fun
27,9/1/2012,2,3,,6,,7,13500,60,2,practiced docking with Diana - 90 turns
28,9/1/2012,2,3,,6,,7,13500,60,2,docking with Diana - I need to turn more - legs out and relax
29,9/1/2012,2,3,,6,,7,13500,60,2,"better exit, kept legs out - side front side repeat - don't back slide - a 150 is a little small for me"
30,9/2/2012,2,3,,6,,13,13500,60,,"Raven's gear, fit well - sit flying - went ok, unstable = cartwheels - more aggressive into the crazy armchair"
31,9/2/2012,2,3,,6,7,8,13500,60,,"First jump with own gear - full body turns - more upper body, too much legs. spin on the spot, not backwards. huge canopy, slow to respond, comfortable harness"
32,9/2/2012,2,3,,6,7,8,13500,60,,double backflip with Jason and two others - fun - but a loooong canopy ride
33,9/2/2012,2,3,,6,7,8,13500,60,5,
34,9/3/2012,2,3,,6,7,8,13500,60,,
35,9/3/2012,2,3,,6,7,8,13500,60,4,
36,9/3/2012,2,3,,6,7,8,13500,60,3,
37,9/3/2012,2,3,,6,7,8,15000,70,3,
38,9/8/2012,2,3,,8,7,8,13500,60,3,
39,9/8/2012,2,3,,9,7,8,13500,60,4,
40,9/9/2012,2,3,,9,7,8,13500,60,2,
41,9/9/2012,2,3,,9,7,8,13500,60,3,
42,9/9/2012,2,3,,9,7,8,13500,60,6,
43,9/23/2012,2,3,,6,7,8,13500,60,3,
44,9/23/2012,2,3,,6,7,8,13500,60,3,
45,9/23/2012,2,3,,6,7,8,13500,60,2,
46,9/23/2012,2,3,,6,7,8,13500,60,6,
47,9/23/2012,2,3,,6,7,8,13500,60,6,
48,9/30/2012,2,3,,6,7,8,13500,60,4,
49,9/30/2012,2,3,,6,7,8,13500,60,2,
50,9/30/2012,2,3,,6,7,8,13500,60,2,
51,9/30/2012,2,3,,6,7,8,13500,60,3,
52,9/30/2012,2,3,,6,7,8,13500,60,,
53,10/21/2012,3,3,,6,7,8,13500,45,,
54,10/21/2012,3,3,,6,7,8,13500,45,,
55,10/21/2012,2,3,,6,7,8,13500,60,3,
56,4/27/2013,2,3,,6,7,8,13500,60,,
57,4/27/2013,2,3,,6,7,8,12500,55,3,
58,6/8/2013,2,3,,6,7,8,12500,55,,
59,6/8/2013,2,3,,6,7,8,12500,55,2,
60,6/8/2013,4,3,,6,7,8,4000,5,,
61,6/13/2013,2,3,,6,7,8,12000,50,,
62,6/13/2013,2,3,,6,7,8,13500,60,3,
63,6/13/2013,2,3,,6,7,8,13500,60,3,
64,7/12/2013,5,1,,9,7,8,13500,60,,Hula Hoop!
65,7/12/2013,5,1,,9,7,8,13500,55,,
66,7/12/2013,6,1,,9,7,8,13500,45,9,
67,7/12/2013,2,1,,9,7,8,13500,60,6,
68,7/12/2013,8,1,,9,7,8,13500,60,,
69,7/13/2013,2,1,,9,7,8,13500,60,4,
70,7/13/2013,2,1,,9,7,8,13500,60,,
71,7/13/2013,2,1,,9,7,8,13500,60,,
72,7/13/2013,6,1,,9,7,8,13500,45,3,
73,7/13/2013,2,1,,9,7,8,13500,60,9,Lou A-1 D-1
74,7/13/2013,5,1,,9,7,8,13500,60,,Banana
75,7/14/2013,8,1,,9,7,8,13500,45,,
76,7/14/2013,2,1,,9,7,8,13500,60,7,
77,7/20/2013,4,3,,1,7,8,5000,3,,
78,7/20/2013,4,3,,1,7,8,5000,3,,
79,7/20/2013,4,3,,1,7,8,4500,3,,
80,7/20/2013,4,3,,1,7,8,5000,3,,
81,7/20/2013,4,3,,1,7,8,5000,3,,
82,7/21/2013,4,3,,6,7,8,5000,3,,
83,7/21/2013,4,3,,6,7,8,5000,3,,
84,7/21/2013,4,3,,6,7,8,4000,3,,
85,8/1/2013,2,3,,6,7,8,13500,60,3,
86,8/1/2013,2,3,,6,7,8,13500,60,6,
87,8/1/2013,2,3,,6,7,8,13500,60,8,
88,8/1/2013,2,3,,6,7,8,15000,75,3,
89,8/2/2013,2,3,,6,7,8,13500,60,,
90,8/2/2013,3,3,,6,7,8,12500,55,,
91,8/2/2013,3,3,,6,7,8,13500,60,,
92,8/8/2013,2,3,,9,7,8,13500,60,,
93,8/8/2013,9,3,,9,7,8,13500,60,,
94,8/8/2013,2,3,,9,7,8,14000,65,4,
95,8/10/2013,2,3,,9,7,8,13000,50,5,
96,8/10/2013,2,3,,9,,12,14000,65,4,4 way under 100
97,8/10/2013,2,3,,6,7,8,14000,65,,
98,8/11/2013,4,3,,6,7,8,5500,10,,
99,8/11/2013,4,3,,6,7,8,3500,3,,
100,8/13/2013,5,3,,6,7,8,14000,60,,
101,8/24/2013,2,3,,6,7,8,13500,60,2,
102,8/24/2013,2,3,,6,7,5,13000,3,,
103,8/24/2013,2,3,,6,7,5,13500,60,5,
104,8/24/2013,2,3,,6,7,5,13500,60,7,
105,9/6/2013,5,3,,6,7,5,13500,45,3,
106,9/6/2013,2,3,,6,7,5,13500,60,3,
107,9/7/2013,5,3,,6,7,5,13500,45,3,
108,9/6/2013,3,3,,6,7,5,13500,60,,
109,9/26/2013,2,3,,6,7,5,13500,60,4,
110,9/26/2013,2,3,,6,7,5,13500,60,9,
111,10/10/2013,2,3,,6,7,5,13500,60,9,
112,10/10/2013,2,3,,6,7,5,13500,60,9,
113,11/3/2013,2,3,,6,7,5,13500,60,7,
114,1/24/2014,2,4,,9,7,5,13000,60,5,
115,1/24/2014,2,4,,9,7,5,13500,60,6,
116,1/24/2014,2,4,,9,7,5,13500,60,4,
117,1/25/2014,2,4,,8,7,5,13500,60,,
118,1/25/2014,2,4,,8,7,5,13500,60,5,
119,1/25/2014,2,4,,3,7,5,13500,60,,
120,1/26/2014,2,4,,9,7,5,13000,60,,
121,1/26/2014,6,4,,9,7,5,13500,60,4,
122,4/5/2014,2,3,,6,7,5,13500,60,4,
123,4/5/2014,2,3,,6,7,5,13500,60,4,
124,4/5/2014,2,3,,6,7,5,13500,60,4,
125,4/5/2014,2,3,,6,7,5,13500,60,4,
126,4/5/2014,2,3,,6,7,5,13500,60,4,
127,4/19/2014,2,3,,6,7,5,13500,60,4,
128,4/19/2014,2,3,,6,7,5,13500,60,4,
129,4/19/2014,2,3,,6,7,5,13500,60,4,
130,4/19/2014,2,3,,6,7,5,13500,60,4,
131,4/19/2014,2,3,,6,7,5,13500,60,4,
132,5/10/2014,2,3,,6,7,5,13500,60,4,
133,5/10/2014,2,3,,6,7,5,13500,60,4,
134,5/17/2014,2,3,,6,7,5,13500,60,,
135,5/17/2014,2,3,,6,7,5,13500,60,,
136,5/17/2014,2,3,,6,7,5,13500,60,,
137,5/17/2014,2,3,,6,7,5,13500,60,,
138,5/31/2014,5,3,,6,7,5,13500,60,,
139,5/31/2014,2,3,,6,7,5,13500,60,,
140,6/28/2014,6,1,,9,7,5,14500,45,,
141,7/26/2014,2,3,,6,7,5,13500,60,5,
142,7/26/2014,2,3,,6,7,5,13500,60,7,
143,9/4/2014,9,3,,6,7,5,13500,60,,
144,9/4/2014,5,3,,6,7,5,13500,60,,
145,9/6/2014,2,3,,6,7,5,13500,60,8,
146,9/6/2014,2,3,,6,7,5,14000,60,6,
147,9/26/2014,2,3,,6,7,5,14000,60,2,
148,9/26/2014,2,3,,6,1,5,14000,60,3,
149,4/17/2015,2,3,,6,1,5,13000,60,,
150,6/28/2015,2,3,,6,1,5,13000,60,,
151,6/28/2015,2,3,,6,1,5,13000,60,,
152,7/18/2015,2,3,,6,1,5,13000,60,5,
153,7/19/2015,2,3,,6,1,5,13500,60,4,
154,7/19/2015,2,3,,6,1,5,13500,60,4,
155,7/19/2015,2,3,,6,1,5,13500,60,4,
156,7/19/2015,2,3,,6,1,5,13500,60,4,
157,7/19/2015,9,3,,6,1,5,13500,60,4,
158,7/19/2015,2,3,,6,1,5,13500,45,12,
159,10/6/2015,10,3,,6,1,5,13500,3,,
160,10/6/2015,6,3,,6,1,5,13500,50,,
161,10/10/2015,2,3,,6,1,5,13500,60,4,
162,10/10/2015,2,3,,6,1,5,13500,60,7,
163,10/11/2015,2,3,,6,1,5,13500,60,5,
164,5/8/2016,3,3,,6,1,5,13500,45,,
165,5/8/2016,2,3,,6,1,5,13500,60,4,
166,5/19/2016,10,3,,6,1,5,14000,5,,
167,6/19/2016,8,3,,6,1,5,13500,66,2,
168,6/19/2016,2,3,,6,1,5,13500,64,4,
169,7/24/2016,5,3,,6,1,5,13000,42,,
170,8/6/2016,8,3,,6,1,5,13500,60,2,
171,8/6/2016,2,3,,6,1,5,13500,60,,
172,8/6/2016,9,3,,6,1,5,13500,64,,
173,9/3/2016,2,3,,6,1,5,13000,63,,
174,9/3/2016,2,3,,6,1,5,13500,63,,
175,9/3/2016,2,3,,6,1,5,13500,60,4,
176,9/8/2016,2,3,,6,1,5,13500,64,6,
177,9/8/2016,2,3,,6,1,5,15000,74,6,
178,9/11/2016,5,3,,6,1,5,13500,59,,
179,9/11/2016,2,3,,6,1,5,13500,63,2,
180,9/11/2016,4,3,,6,1,5,4000,4,,
181,9/17/2016,2,3,,6,1,5,14000,63,6,
182,9/18/2016,2,3,,6,1,5,13500,61,11,
183,9/18/2016,2,3,,6,1,5,13500,60,8,
184,5/13/2017,2,3,,6,1,5,13500,60,,
185,5/27/2017,4,3,,6,1,5,4500,3,,
186,6/4/2017,2,3,,6,1,5,13500,63,3,
187,6/21/2017,2,3,,4,1,5,9000,30,,
188,7/24/2017,4,3,,1,1,5,4000,3,,
189,7/24/2017,4,3,,1,1,5,4000,3,,
190,7/29/2017,2,3,,6,1,5,14500,63,4,
191,8/7/2017,4,3,,1,1,5,4000,3,,
192,8/7/2017,4,3,,1,1,5,4000,3,,
193,8/7/2017,4,3,,1,1,5,4000,3,3,
194,8/19/2017,4,3,,6,1,5,4000,3,,
195,8/19/2017,2,3,,6,1,5,13500,65,,
196,8/19/2017,4,3,,6,1,5,4000,3,,
197,9/16/2017,2,3,,6,1,5,13500,54,,
198,9/16/2017,11,3,,6,1,5,13500,64,,SANS #0095
199,9/18/2017,2,3,,6,1,5,13000,57,,
200,9/21/2017,4,3,,1,1,5,4000,3,,
201,9/21/2017,4,3,,1,1,5,4000,3,,
202,9/21/2017,4,3,,6,1,5,4000,3,,
203,9/21/2017,4,3,,1,1,5,3000,2,6,
204,9/23/2017,2,3,,6,1,5,13500,60,,
205,9/23/2017,2,3,,6,1,5,13500,63,7,
206,9/23/2017,2,3,,6,1,5,13500,63,6,
207,9/25/2017,4,3,,1,1,5,4000,3,,
208,10/9/2017,4,3,,1,1,5,4000,3,,
209,10/9/2017,4,3,,1,1,5,4000,3,,
210,5/24/2018,2,3,,6,1,5,13500,61,,
211,5/28/2018,2,3,,6,1,5,13500,64,,
212,5/28/2018,2,3,,6,1,5,13500,62,,
213,6/16/2018,2,3,,6,1,5,13500,62,4,
214,6/16/2018,2,3,,6,1,5,13500,64,3,
215,6/16/2018,2,3,,6,1,5,13500,66,4,
216,7/15/2018,2,3,,6,1,5,15500,72,9,
217,9/22/2018,2,3,,6,1,5,13500,65,2,
218,9/22/2018,2,3,,6,1,5,13500,65,3,
219,9/22/2018,2,3,,6,1,5,13500,65,2,
220,9/22/2018,2,3,,6,1,5,13500,64,4,
221,9/22/2018,2,3,,6,1,5,14000,64,3,
222,9/29/2018,2,3,,6,1,5,11000,50,2,
223,5/25/2019,2,3,,6,1,5,13000,64,,
224,6/8/2019,5,3,,6,1,5,14000,64,,
225,6/8/2019,4,3,,6,1,5,4000,3,,
226,8/2/2019,2,3,,6,1,5,14000,63,4,
227,8/3/2019,2,3,,6,1,5,13500,64,5,
228,8/3/2019,2,3,,6,1,5,13500,64,7,
229,8/4/2019,2,3,,6,1,5,13500,62,6,
230,8/4/2019,2,3,,6,1,5,13500,64,6,
231,8/5/2019,4,3,,1,1,5,4000,3,,
232,8/10/2019,2,3,,6,1,5,13500,63,4,
233,8/10/2019,2,3,,6,1,5,13500,63,3,
234,8/10/2019,2,3,,6,1,5,13500,64,5,
235,8/10/2019,2,3,,6,1,5,13500,63,5,
236,8/19/2019,4,3,,1,1,5,4000,3,,
237,8/19/2019,4,3,,1,1,5,4000,3,,
238,8/19/2019,4,3,,1,1,5,4000,3,,
239,8/25/2019,2,3,,6,1,5,13500,64,,
240,8/25/2019,2,3,,6,1,5,14000,67,,
241,9/2/2019,4,3,,6,1,5,3000,3,,
242,9/7/2019,2,3,,6,1,5,13500,64,4,
243,6/6/2020,2,13,,2,1,5,13500,63,5,
244,6/6/2020,2,13,,2,1,5,13500,64,4,
245,6/6/2020,2,13,,2,1,5,13000,61,5,
246,6/13/2020,2,13,,2,1,5,13000,62,7,
247,6/13/2020,2,13,,2,1,5,13000,64,4,
248,6/13/2020,2,13,,2,1,5,13000,62,5,
249,6/13/2020,6,13,,2,1,5,13000,61,6,
250,6/13/2020,6,13,,2,1,5,13000,58,6,
251,6/13/2020,9,13,,2,1,5,13000,61,,
252,6/19/2020,2,13,,2,1,5,13000,66,4,
253,6/19/2020,2,13,,2,1,5,13000,61,2,
254,6/19/2020,2,13,,2,1,5,13000,62,4,
255,6/19/2020,4,13,,2,1,5,5000,5,,
256,6/20/2020,4,13,,2,1,5,5000,5,,
257,6/22/2020,9,13,,2,1,5,13000,63,4,
258,6/22/2020,4,13,,2,1,5,5000,5,,
259,6/22/2020,4,13,,2,1,5,5000,5,,
260,6/25/2020,4,13,,2,1,5,5000,5,,
261,6/25/2020,2,13,,2,1,5,13500,64,,
262,6/25/2020,2,13,,2,1,5,13500,64,3,
263,6/25/2020,2,13,,2,1,5,13500,65,4,
264,6/25/2020,2,13,,2,1,5,13500,62,4,
265,6/26/2020,10,13,,2,1,5,13500,5,,
266,6/27/2020,4,13,,2,1,5,5000,5,,
267,6/27/2020,2,13,,2,1,5,13000,62,4,
268,6/27/2020,6,13,,2,1,5,13000,58,6,
269,6/27/2020,6,13,,2,1,5,13000,58,8,
270,6/27/2020,2,13,,2,1,5,13000,64,5,
271,6/27/2020,3,13,,2,1,5,13500,52,,
272,6/28/2020,2,13,,2,1,5,13500,63,,
273,6/28/2020,5,13,,2,1,5,13500,63,4,
274,6/28/2020,9,13,,2,1,5,13500,66,,
275,7/3/2020,3,13,,9,1,5,13500,47,,
276,7/3/2020,2,13,,9,1,5,13500,69,6,
277,7/3/2020,2,13,,9,1,5,13000,64,7,
278,7/3/2020,3,13,,9,1,5,13000,47,,
279,7/3/2020,2,13,,9,1,5,13000,63,6,
280,7/3/2020,8,13,,9,1,5,13000,62,,
281,7/3/2020,2,13,,9,1,5,13000,66,4,
282,7/3/2020,10,13,,9,1,5,13000,2,,
283,7/4/2020,4,13,,9,1,5,5000,5,,
284,7/4/2020,9,13,,9,1,5,13000,63,9,
285,7/4/2020,8,13,,9,1,5,13500,61,,
286,7/4/2020,8,13,,9,1,5,13500,62,,
287,7/5/2020,4,13,,9,1,5,5000,5,,
288,7/5/2020,8,13,,9,1,5,13000,61,,
289,7/10/2020,2,13,,9,1,5,13000,66,4,
290,7/10/2020,2,13,,9,1,5,13000,61,4,
291,7/10/2020,9,13,,9,1,5,12000,62,5,
292,7/11/2020,2,13,,9,1,5,13000,62,,
293,7/11/2020,2,13,,9,1,5,13000,66,5,
294,7/11/2020,2,13,,9,1,5,13000,62,3,
295,7/11/2020,2,13,,9,1,5,13000,62,5,
296,7/11/2020,2,13,,2,1,5,13000,61,4,
297,7/12/2020,4,13,,2,1,5,5000,5,,
298,7/12/2020,2,13,,2,1,5,13500,61,4,
299,7/12/2020,3,13,,2,1,5,13500,52,,
300,7/12/2020,2,13,,2,1,5,13500,63,3,
301,7/12/2020,3,13,,2,1,5,13500,54,,
302,7/12/2020,9,13,,2,1,5,13500,56,13,
303,7/12/2020,10,13,,2,1,5,14000,10,,
304,7/16/2020,2,13,,2,1,5,13000,64,4,
305,7/16/2020,3,13,,2,1,5,13000,50,,
306,7/16/2020,2,13,,2,1,5,13500,58,3,
307,7/16/2020,2,13,,2,1,5,14000,63,3,
308,7/17/2020,4,13,,2,1,5,5000,5,,
309,7/17/2020,4,13,,2,1,5,5000,5,,
310,7/17/2020,2,13,,2,1,5,14000,69,,
311,7/17/2020,9,13,,2,1,5,13000,65,7,
312,7/18/2020,4,13,,2,1,5,5000,5,,
313,7/18/2020,2,13,,2,1,5,13000,61,4,
314,7/26/2020,4,13,,2,1,5,5000,5,,
315,7/26/2020,4,13,,2,1,5,13000,5,,
316,8/3/2020,2,13,,2,1,5,10000,48,,
317,8/3/2020,4,13,,2,1,5,5000,5,,
318,8/10/2020,4,13,,2,1,5,5000,5,,
319,8/10/2020,4,13,,2,1,5,5000,5,,
320,8/16/2020,4,13,,2,1,5,3500,3,,
321,8/16/2020,2,13,,2,1,5,13000,57,4,
322,8/16/2020,3,13,,2,1,5,13500,50,,
323,8/16/2020,9,13,,2,1,5,13000,59,,
324,8/17/2020,2,13,,2,1,5,13500,62,,
325,8/17/2020,2,13,,2,1,5,10000,47,3,Josh Bartlett + Brittany
326,8/21/2020,2,13,,2,1,5,13500,64,8,
327,8/21/2020,2,13,,2,1,5,13500,61,7,
328,8/21/2020,3,13,,2,1,5,12000,53,,
329,8/22/2020,4,13,,2,1,5,5000,5,,
330,8/22/2020,2,13,,2,1,5,12500,62,,
331,8/22/2020,2,13,,2,1,5,13500,65,4,
332,8/22/2020,2,13,,2,1,5,13500,67,4,
333,8/22/2020,5,13,,2,1,5,13000,60,,
334,8/29/2020,3,13,,2,1,5,13500,50,,
335,8/29/2020,9,13,,2,1,5,13000,63,8,
336,8/29/2020,2,13,,2,1,5,14000,67,4,
337,8/29/2020,2,13,,2,1,5,13500,65,4,
338,8/30/2020,2,13,,2,1,5,13500,64,,
339,8/30/2020,2,13,,2,1,5,13500,63,4,
340,8/31/2020,9,13,,2,1,5,13500,67,9,
341,9/1/2020,4,13,,2,1,5,5000,8,,
342,9/7/2020,2,3,,6,1,5,13000,67,,
343,9/7/2020,2,3,,6,1,5,13500,64,4,
344,9/7/2020,3,3,,6,1,5,13500,53,,
345,9/13/2020,4,13,,2,1,5,5000,3,,
346,9/13/2020,6,13,,2,1,5,13500,62,,
347,9/13/2020,2,13,,2,1,5,15000,64,5,
348,9/13/2020,3,13,,2,1,5,13500,59,,
349,9/13/2020,4,13,,2,1,5,6000,11,,
350,9/13/2020,6,13,,2,1,5,13500,67,6,
351,9/18/2020,2,13,,2,1,5,13500,63,,
352,9/18/2020,4,13,,2,1,5,5000,3,,
353,9/19/2020,4,13,,2,1,5,5000,8,,
354,9/19/2020,3,13,,2,1,5,13000,53,,
355,9/22/2020,5,13,,2,1,5,13000,60,,
356,9/22/2020,9,13,,2,1,5,13500,63,10,
357,9/26/2020,2,13,,2,1,5,13000,64,4,NPSL 21-2
358,9/26/2020,2,13,,2,1,5,12500,60,4,NPSL C-J-H
359,9/26/2020,2,13,,2,1,5,12000,54,4,NPSL 7-6
360,9/26/2020,2,13,,2,1,5,12000,56,4,NPSL E-9
361,9/26/2020,2,13,,2,1,5,12500,58,4,NPSL L-B-4
362,9/26/2020,2,13,,2,1,5,13000,62,4,NPSL D-19
363,10/9/2020,8,13,,2,1,5,13000,54,,8 with Brenden - Brian N - Izzy (Surprise Ploszay)
364,10/10/2020,2,13,,2,1,5,13500,62,3,Westy + Jeff Howell (who just flew around everywhere)
365,10/10/2020,2,13,,2,1,5,13500,63,4,Westy - Brian - Daniel (Westy 1700)
366,10/10/2020,2,13,,2,1,5,13000,65,5,Westy - Brian - Kevin - Britany (Britany sorta went haywire)
367,10/10/2020,2,13,,2,1,5,13000,60,8,IVAN'S RISER OPENED UP
368,10/10/2020,2,13,,2,1,5,13000,59,7,Charles stole my slot!
369,10/10/2020,10,13,,2,1,5,13500,3,,MOM
370,4/17/2021,2,13,,2,1,5,12500,59,4,"HOP - with Team Alias (Charlie, Brian, Brittany, Stunts)"
371,4/17/2021,2,13,,2,1,5,13000,61,4,"HOP - with Team Alias (Charlie, Brian, Brittany, Stunts)"
372,4/17/2021,2,13,,2,1,5,13500,64,4,MBJ - with Team Alias
373,5/1/2021,2,13,,2,1,5,13500,66,4,PQN - throw hip out and down on exit
374,5/1/2021,2,13,,2,1,5,13000,61,4,PQN
375,5/1/2021,2,13,,2,1,5,14500,67,4,Marcus Charles Brian - 1CO
376,5/8/2021,2,13,,2,1,5,13000,58,4,FKM
377,5/8/2021,2,13,,2,1,5,13000,60,4,HDP
378,5/8/2021,2,13,,2,1,5,13000,61,4,QLB
379,5/8/2021,2,13,,2,1,5,13000,61,4,EGN
380,5/8/2021,2,13,,2,1,5,13000,63,4,JCA
381,5/8/2021,2,13,,2,1,5,13000,63,4,OQF
382,5/8/2021,2,13,,2,1,5,13000,62,8,8 way - Charles Broke it
383,5/13/2021,4,13,,2,1,4,5500,9,,New (to me) Canopy
384,5/13/2021,2,13,,2,1,4,13000,62,2,90 degree sidebodies with Lindsay
385,5/15/2021,2,13,,2,1,4,13000,60,4,"Ryan Weeks, Andrew, Joey"
386,5/15/2021,2,13,,2,1,4,13500,63,5,"Ryan Weeks, Andrew, Joey, Rachel"
387,5/15/2021,2,13,,2,1,4,13500,64,4,"Ryan Weeks, Andew, Rachel"
388,5/15/2021,2,13,,2,1,4,11500,56,2,Ollie! Didn't exactly go as planned...
389,5/28/2021,2,13,,2,1,4,13500,61,3,Lauren and Eric
390,5/28/2021,2,13,,2,1,4,13500,68,9,"Shinnick, Angela, Mike Liveri, Brian, Eric D, Lauren, Dan K, Eric P - we kept losing people"
391,5/29/2021,2,13,,2,1,4,13000,63,4,"Westy, Dan, Constantine - H 21 M - got a little off on the first 21, but managed 9 points"
392,5/29/2021,2,13,,2,1,4,12500,63,6,"Westy, Dan, Constantine, Brian, Charlie - Dan, get outta here"
393,5/29/2021,4,13,,2,1,4,6500,9,,
394,5/29/2021,2,13,,2,1,4,12500,59,4,"Charlie, Brian, Barry - E 1 - Barry, whatcha doin?"
395,5/29/2021,2,13,,2,1,4,13000,61,3,Westy and Andrew Long - round - accordian - round - compressed
396,5/29/2021,2,13,,2,1,4,13500,64,4,"Westy, Charlie, Brian - H 13 2"
397,5/29/2021,2,13,,2,1,4,13500,61,2,Ollie - launched compressed - *open - 360* repeat
398,5/31/2021,4,13,,2,1,4,5000,8,,
399,5/31/2021,2,13,,2,1,4,13000,64,6,"Miles, Mary Baur, Justin S, Constantine, James"
400,5/31/2021,2,13,,2,1,4,13000,62,5,"Miles, Mary Baur, Mike, Constantine"
401,5/31/2021,2,13,,2,1,4,12500,57,4,"Billy, Josh Bartlett, Ollie"
402,5/31/2021,2,13,,2,1,4,13500,62,3,"Dan, Brian"
403,5/31/2021,2,13,,2,1,4,12500,59,4,"Dan, Brian, Barry - F J C"
404,5/31/2021,9,13,,2,1,4,13000,59,12,HA.
405,6/4/2021,2,13,,2,1,4,14500,72,5,"Shinnick, Angela, Jay, Paul"
406,6/5/2021,2,13,,2,1,4,13000,65,4,"Miles, Brian, Westy, Mary - F M P O"
407,6/5/2021,2,13,,2,1,4,12500,61,5,"Art, Constantine, Miles, Westy"
408,6/5/2021,2,13,,2,1,4,14000,69,4,"Ryan Weeks, Brian, Westy"
409,6/12/2021,2,13,,2,1,4,13000,63,2,Brian - turn drills
410,6/12/2021,2,13,,2,1,4,13000,64,4,"Brian, Charlie, Ryan Weeks - E M O P"
411,6/12/2021,2,13,,2,1,4,13000,66,4,"Shinnick, Charlie, Brian, Art - One out drill - B O M J F"
412,6/13/2021,2,13,,2,1,4,13000,63,6,"Shinnick, Lisa, Brian, Art, Jay"
413,6/13/2021,2,13,,2,1,4,13000,65,6,"Shinnick, Lisa, Brian, Art, Jay"
414,6/13/2021,2,13,,2,1,4,12000,59,6,"Shinnick, Lisa, Brian, Art, Jay"
415,6/25/2021,9,13,,2,1,4,13000,61,8,Mike Merritt's 200th
416,6/25/2021,10,13,,2,1,4,13000,8,,
417,6/27/2021,2,13,,2,1,4,13000,63,8,
418,6/27/2021,2,13,,2,1,4,13000,66,8,
419,6/27/2021,2,13,,2,1,4,13000,67,8,
420,7/3/2021,6,13,,2,1,4,13000,62,6,"Dan, Charlie, Brian, Adam Hjelle, Jeremy Williams"
421,7/3/2021,2,13,,2,1,4,13000,61,4,"Dan, Charlie, Brian - 15 9"
422,7/3/2021,2,13,,2,,4,13000,60,4,"Charlie, Brian, Munsterman - H 2 11"
423,7/3/2021,4,13,,2,1,7,5000,3,,First turn rig jump - I need shorter risers
424,7/3/2021,2,13,,2,1,4,13000,64,3," Charlie, Ollie - fly throughs"
425,7/3/2021,2,13,,2,1,4,13000,64,6,"Dan, Charlie, Brian, Sophie, Lindsey"
426,7/3/2021,2,13,,2,,4,13000,61,8," Brian, Dan, Charlie, Sam, Adam Hjelle, Megan, Ryan E - 6"
427,7/5/2021,4,13,,2,1,7,5500,8,,
428,7/5/2021,2,13,,2,1,4,13000,66,6,"Shinnick, Lisa, Kevin Klutzke, Skimmer, Brian"
429,7/10/2021,2,13,,2,1,4,13000,61,4,NPSL
430,7/10/2021,2,13,,2,1,4,13000,62,4,NPSL
431,7/10/2021,2,13,,2,1,4,13000,64,4,NPSL
432,7/10/2021,2,13,,2,1,4,13000,63,4,NPSL
433,7/10/2021,2,13,,2,1,4,13000,65,4,NPSL
434,7/10/2021,2,13,,2,1,4,12500,64,4,NPSL
435,7/10/2021,10,13,,2,1,4,13000,4,,10
436,7/11/2021,2,13,,2,1,4,12500,64,8,
437,7/11/2021,2,13,,2,1,4,12500,60,8,
438,7/11/2021,2,13,,2,1,4,13000,60,8,
439,7/11/2021,2,13,,2,1,4,13000,63,8,
440,7/11/2021,2,13,,2,1,4,13000,63,8,
441,7/11/2021,2,13,,2,1,4,13000,60,8,
442,7/11/2021,2,13,,2,1,4,13500,62,8,
443,7/11/2021,2,13,,2,1,4,13000,62,8,
444,7/18/2021,2,13,,2,1,4,13500,63,4,Team No Name
445,7/18/2021,2,13,,2,1,4,12500,59,4,Team No Name
446,7/18/2021,2,13,,2,1,4,13000,64,4,Team No Name
447,7/18/2021,2,13,,2,1,4,13000,57,5,"Joe Lynch, Choate, Rands, Charlie"
448,7/18/2021,2,13,,2,1,4,13000,62,4,"Choate, Rands, Charlie"
449,7/24/2021,2,13,,2,1,4,13000,59,4,"Charlie, Plozay, Munsterman - H M O P"
450,7/24/2021,2,13,,2,1,4,13000,64,4,"Charlie, Proz, Art - H B Q Bipoles"
451,7/24/2021,2,13,,2,1,4,13000,61,10,Speedstar 8/10
452,7/24/2021,2,13,,2,1,4,13000,56,4,"Max, Annie, ??"
453,7/25/2021,2,13,,2,1,4,13000,64,3,"Rachel, Choate (Rachel levels)"
454,7/25/2021,2,13,,2,1,4,13000,63,3,"Skimmer, Paul"
455,8/13/2021,2,13,,9,1,4,13500,69,,
456,8/13/2021,2,13,,9,1,4,13500,64,,
457,8/13/2021,2,13,,9,1,4,13500,64,,
458,8/13/2021,2,13,,9,1,4,13000,67,,
459,8/14/2021,2,13,,9,1,4,13500,67,,
460,8/14/2021,2,13,,9,1,4,13000,65,,
461,8/14/2021,2,13,,9,1,4,13000,62,,
462,8/14/2021,2,13,,9,1,4,13000,64,,
463,8/14/2021,6,13,,9,1,4,14000,63,,
464,8/15/2021,2,13,,9,1,4,13000,65,,
465,8/15/2021,2,13,,9,1,4,13000,63,,
466,8/15/2021,9,13,,9,1,4,14000,68,,
467,8/22/2021,2,13,1,2,1,4,14000,65,4,Team Training - A B 4
468,8/22/2021,2,13,1,2,1,4,13500,65,4,Team Training - C 2 11
469,8/22/2021,2,13,1,2,1,4,13000,65,4,Team Training - L J F M
470,8/22/2021,2,13,1,2,1,4,13000,65,4,Team Training - 18 N 7
471,8/22/2021,2,13,1,2,1,4,13000,64,4,Team Training - 19 15
472,8/22/2021,2,13,1,2,1,4,11000,54,4,Team Training - 14 G 21
473,8/22/2021,2,13,1,2,1,4,11000,55,4,Team Training - 13 22
474,9/4/2021,2,13,1,2,1,4,13000,62,4,Team Training - O 9 2
475,9/4/2021,2,13,1,2,1,4,12500,59,4,Team Training - B D 21
476,9/4/2021,2,13,1,2,1,4,13000,60,4,Team Training - M H 20
477,9/5/2021,2,13,1,2,1,4,13500,64,4,Team Training - G 6 K
478,9/5/2021,2,13,1,2,1,4,13000,67,4,Team Training - 18 15
479,9/5/2021,2,13,1,2,1,4,13000,62,4,Team Training - E M O P
480,9/5/2021,2,13,1,2,1,4,13000,60,4,Team Training - 7 13
481,9/6/2021,2,13,1,2,,4,13500,65,4,Team Training - O K 6
482,9/6/2021,2,13,1,2,1,7,13500,65,4,Team Training - 2 21
483,9/6/2021,2,13,1,2,,4,13000,60,4,Team Training - 1 15
484,9/6/2021,2,13,1,2,1,7,12500,59,4,Team Training -  E 7 L
485,9/6/2021,2,13,1,2,,4,13000,63,4,Team Training - G 18 22
486,9/6/2021,2,13,1,2,1,7,13000,62,4,Team Training - C Q D J
487,9/6/2021,2,13,1,2,,4,13000,65,4,Team Training - 19 M 9
488,9/6/2021,2,13,1,2,1,7,13000,63,4,Team Training - A B F 11
489,9/6/2021,2,13,1,2,1,4,13000,61,4,Team Training - 14 P H
490,9/11/2021,4,13,,2,1,4,5500,3,,Canopy Course
491,9/11/2021,4,13,,2,1,4,5500,3,,Canopy Course
492,9/11/2021,4,13,,2,1,4,5500,3,,Canopy Course
493,9/11/2021,4,13,,2,1,4,5500,3,,Canopy Course
494,9/11/2021,4,13,,2,1,4,5500,3,,Canopy Course
495,9/11/2021,4,13,,2,1,4,5500,3,,Canopy Course
496,9/11/2021,4,13,,2,1,4,5500,3,,Canopy Course
497,9/12/2021,4,13,,2,1,4,5500,3,,Canopy Course
498,9/12/2021,4,13,,2,1,4,5500,3,,Canopy Course
499,9/12/2021,4,13,,2,1,4,5500,3,,Canopy Course
500,9/12/2021,4,13,,2,1,4,5500,3,,Canopy Course
501,9/12/2021,4,13,,2,1,4,5500,3,,Canopy Course
502,9/17/2021,9,13,,2,1,4,13000,63,6,no show 9
503,9/18/2021,2,13,,2,1,4,13000,63,4,
504,9/18/2021,2,13,,2,1,4,13000,60,4,
505,9/18/2021,6,13,,2,1,4,13500,65,15,
506,9/25/2021,2,13,1,2,1,3,13000,60,4,A - B - L - P
507,9/25/2021,2,13,1,2,1,3,12000,58,4,19 - 7
508,9/25/2021,2,13,1,2,1,3,13000,64,4,18 - C - 9
509,9/25/2021,2,13,1,2,1,3,13000,59,4,H - O - E - 6
510,9/25/2021,2,13,1,2,1,3,12000,56,4,21 - F - 15
511,9/25/2021,2,13,1,2,1,3,12500,60,4,11-Feb
512,9/25/2021,9,13,,2,1,3,14000,66,12,
513,9/26/2021,8,13,,2,1,3,13000,66,5,
514,9/26/2021,8,13,,2,1,3,13000,63,5,
515,9/26/2021,8,13,,2,1,3,12500,58,5,
516,9/26/2021,8,13,,2,1,3,13000,60,4,
517,9/26/2021,8,13,,2,1,3,12500,58,2,"Billy high five - approval of position, just need to get down"
518,10/1/2021,9,13,,2,1,3,14000,59,9,Lindsey's birthday - 6 made it
519,10/9/2021,2,13,,2,2,3,13000,62,3,
520,10/9/2021,4,13,,2,1,4,5000,5,,
521,10/10/2021,2,13,1,2,2,3,12500,62,4,H - K - 8
522,10/10/2021,2,13,1,2,2,3,13000,60,4,20-Jun
523,10/10/2021,2,13,1,2,2,3,13000,63,4,A - 13 - 15
524,10/10/2021,2,13,1,2,1,3,12500,62,4,22-Jan
525,10/17/2021,2,13,,2,1,3,13500,58,3,
526,10/17/2021,2,13,,2,1,3,13000,65,4,
527,10/17/2021,2,13,,2,1,3,13000,63,6,
528,10/17/2021,6,13,,2,1,3,11000,60,6,Dan 300 spinning 6 attempt
529,10/24/2021,2,4,1,9,1,3,11000,49,4,4-way practice
530,10/24/2021,2,4,1,9,1,3,13500,51,4,4-way practice
531,10/24/2021,2,4,,9,1,4,13000,66,8,8-way practice
532,10/24/2021,2,4,,9,1,3,11500,66,8,8-way practice
533,10/25/2021,2,4,1,9,1,3,11000,52,4,4-way comp
534,10/25/2021,2,4,1,9,1,3,11000,51,4,4-way comp
535,10/25/2021,2,4,1,9,1,3,11000,53,4,4-way comp
536,10/25/2021,2,4,1,9,1,3,11000,51,4,4-way comp
537,10/25/2021,2,4,1,9,1,3,10500,52,4,4-way comp
538,10/25/2021,2,4,1,9,1,3,10500,47,4,4-way comp
539,10/26/2021,2,4,1,9,1,3,10500,48,4,4-way comp
540,10/26/2021,2,4,1,9,1,3,10500,45,4,4-way comp
541,10/26/2021,2,4,1,9,1,3,11000,51,4,4-way comp
542,10/26/2021,2,4,1,9,1,4,11000,49,4,4-way comp
543,10/27/2021,2,4,,9,1,3,13000,64,8,8-way comp
544,10/27/2021,2,4,,9,1,3,13000,62,8,8-way comp
545,10/27/2021,2,4,,9,1,3,13500,66,8,8-way comp
546,10/27/2021,2,4,,9,1,3,13000,65,8,8-way comp
547,10/27/2021,2,4,,9,1,3,13000,64,8,8-way comp
548,10/27/2021,2,4,,9,1,3,13000,61,8,8-way comp
549,10/27/2021,2,4,,9,1,3,13000,63,8,8-way comp
550,10/28/2021,2,4,,9,1,3,13000,63,8,8-way comp
551,10/28/2021,2,4,,9,1,3,13500,68,8,8-way comp
552,10/28/2021,2,4,,9,1,3,13500,65,8,8-way comp
553,10/29/2021,2,4,,9,1,3,12500,62,4,"Brian, Dan, Art"
554,10/30/2021,2,4,,9,1,3,13000,62,4,"Brian, Dan, Heather"
555,10/30/2021,2,4,,9,2,3,13000,60,5,"Brian, Dan, Heather, Dusty"
556,1/21/2022,8,6,,9,2,3,13000,60,5,"Ian, Mandy, Tayler, Dustan"
557,2/5/2022,1,4,,9,2,3,14000,70,15,
558,2/5/2022,1,4,,9,2,3,13500,67,15,
559,2/5/2022,1,4,,9,2,3,13500,70,15,
560,2/5/2022,1,4,,9,2,3,13500,69,15,
561,2/5/2022,1,4,,9,2,3,13500,67,15,
562,2/6/2022,1,4,,9,2,3,13500,71,17,
563,2/6/2022,1,4,,8,2,3,14000,70,17,
564,2/6/2022,1,4,,9,2,3,13500,67,31,
565,2/6/2022,1,4,,9,2,3,13500,71,31,
566,2/6/2022,1,4,,9,2,3,13500,67,31,
567,3/3/2022,2,7,,9,2,3,14500,68,2,With a newer Jumper? Houston
568,4/9/2022,2,13,,2,2,3,13000,64,4,"Dan, Brian, Westy"
569,4/10/2022,3,4,,9,2,3,13500,55,2,David Cherry
570,4/11/2022,3,4,,9,1,3,13000,53,2,Nate Rogers
571,5/7/2022,8,13,,2,1,3,13000,62,5,Hubers. Jeremy. Anthony. I WAS _RIGHT_THERE_
572,5/7/2022,2,13,,2,1,3,13500,62,6,Miles. The weird cog one.
573,5/7/2022,2,13,,2,1,3,13000,61,4,"Brian, Art, Dan VanBuren"
574,5/21/2022,4,13,,2,1,3,5000,3,,
575,5/21/2022,4,13,,2,1,3,5000,3,,
576,5/27/2022,2,13,,2,1,3,13000,64,8,Westy's final
577,5/27/2022,2,13,,2,1,3,13000,64,8,
578,5/27/2022,2,13,,2,1,3,13000,61,4,1 - O-F-P-D
579,5/27/2022,2,13,,2,1,3,13000,62,4,1 - J-N-A-M
580,6/3/2022,2,13,,2,1,3,13500,65,4,1 - P-M-F-H
581,6/3/2022,2,13,,2,1,3,12500,62,4,1 - D-J-B-O
582,6/4/2022,2,13,,2,1,3,13500,65,4,1 - K-21-H
583,6/4/2022,2,13,,2,1,3,12000,56,4,1 - K-21-H
584,6/4/2022,2,13,,2,1,3,11000,52,4,1/6/2014
585,6/4/2022,2,13,,2,1,3,13500,63,4,1 - Q-M-11
586,6/10/2022,9,13,,2,1,3,11500,54,6,"Sophie, Britney, Travis, Matt Godin, Leo (Leo meat missiled)"
587,6/10/2022,3,13,,2,1,3,12500,50,3,Susanne and Lissie
588,6/12/2022,2,13,,2,3,3,12000,57,3,Michael + Brian (30 jumps and he crushed it.)
589,6/18/2022,2,13,,2,3,1,13000,65,4,
590,6/18/2022,2,13,,2,3,1,13000,66,4,
591,6/18/2022,2,13,,2,3,1,13000,64,4,
592,6/18/2022,2,13,,2,3,1,13000,65,4,
593,6/18/2022,2,13,,2,3,1,13000,65,4,
594,6/18/2022,2,13,,2,2,1,13000,66,4,
595,6/24/2022,2,5,1,9,2,3,13000,63,4,
596,6/24/2022,2,5,1,9,3,3,12500,60,4,
597,6/24/2022,2,5,1,9,2,1,13000,64,4,
598,6/24/2022,2,5,1,9,3,3,12500,62,4,
599,6/26/2022,2,5,1,9,3,1,13500,64,4,
600,6/26/2022,2,5,1,9,3,1,13000,62,4,
601,6/26/2022,2,5,1,9,3,1,12500,64,4,
602,6/26/2022,2,5,1,9,2,1,13500,64,4,
603,6/26/2022,2,5,1,9,3,3,13000,63,4,
604,7/2/2022,2,13,1,2,3,1,11000,49,3,
605,7/2/2022,2,13,1,2,3,1,9000,42,3,
606,7/2/2022,2,13,1,2,3,1,12500,60,2,
607,7/2/2022,2,13,1,2,3,1,13000,62,2,
608,7/2/2022,2,13,1,2,3,1,13500,66,4,
609,7/2/2022,9,13,,2,3,1,13000,66,12,
610,7/3/2022,2,13,,2,3,1,13000,63,4,
611,7/3/2022,8,13,,2,3,1,9500,49,2,
612,7/9/2022,1,9,,8,3,1,14000,71,38,
613,7/9/2022,1,9,,8,3,1,14000,71,38,
614,7/9/2022,1,9,,8,3,1,13500,68,38,
615,7/9/2022,1,9,,8,3,1,16500,85,38,
616,7/9/2022,1,9,,8,3,1,17500,89,38,
617,7/10/2022,1,9,,8,3,1,17500,92,38,
618,7/10/2022,1,9,,8,3,1,17500,91,38,
619,7/10/2022,1,9,,8,3,1,17500,88,38,
620,7/10/2022,1,9,,8,3,1,17500,90,38,
621,7/10/2022,1,9,,8,3,1,17500,90,34,
622,7/15/2022,1,8,,9,3,1,14000,73,19,
623,7/15/2022,1,8,,9,3,1,14000,66,19,
624,7/15/2022,1,8,,9,3,1,14500,74,19,
625,7/15/2022,1,8,,9,3,1,14000,73,19,
626,7/16/2022,1,8,,9,3,1,17000,90,38,
627,7/16/2022,1,8,,9,3,1,16500,90,38,
628,7/16/2022,1,8,,9,3,1,16500,89,37,
629,7/16/2022,1,8,,9,3,1,17000,91,37,
630,7/17/2022,1,8,,9,3,1,16500,87,40,
631,7/17/2022,1,8,,9,,1,16500,103,40,CUTAWAY. Spinning line twists on my back.
632,7/17/2022,1,8,,9,,10,16500,84,40,
633,7/17/2022,1,8,,9,3,10,17000,94,40,
634,7/23/2022,2,13,,2,3,1,11500,52,,
635,7/23/2022,2,13,,2,3,1,11000,51,,
636,7/24/2022,2,13,1,2,3,1,13000,64,,
637,7/24/2022,2,13,1,2,3,1,13000,65,,
638,7/24/2022,2,13,1,2,3,1,13500,67,,
639,7/24/2022,2,13,1,2,3,1,13000,67,,
640,7/29/2022,2,13,1,2,3,1,10500,50,,
641,7/29/2022,2,13,1,2,3,1,13000,67,,
642,7/30/2022,2,9,1,9,3,1,13000,66,,
643,7/30/2022,2,9,1,9,2,1,13000,65,,
644,7/30/2022,2,9,1,9,3,3,13000,65,,
645,7/30/2022,2,9,1,9,2,1,13000,66,,
646,7/30/2022,2,9,1,9,3,3,13500,67,,
647,7/30/2022,2,9,1,9,2,1,13500,65,,
648,7/30/2022,2,9,1,9,3,3,13000,63,,
649,7/30/2022,2,9,1,9,2,1,13500,66,,
650,7/30/2022,2,9,1,9,3,3,10500,52,,
651,7/30/2022,2,9,1,9,3,1,13000,66,,
652,7/31/2022,2,9,1,9,2,1,10500,52,,
653,7/31/2022,2,9,1,9,3,3,13000,63,,
654,7/31/2022,2,9,1,9,2,1,10500,52,,
655,7/31/2022,2,9,1,9,3,3,12500,60,,
656,7/31/2022,2,9,1,9,2,1,10500,52,,
657,7/31/2022,2,9,1,9,3,3,13000,64,,
658,7/31/2022,2,9,1,9,3,1,14000,70,,
659,8/18/2022,2,9,1,9,3,1,14000,69,,
660,8/18/2022,2,9,1,9,3,1,13000,67,,
661,8/18/2022,2,9,1,9,3,1,13500,67,,
662,8/18/2022,2,9,1,9,3,1,13500,65,,
663,8/19/2022,2,9,1,9,3,1,13000,63,,
664,8/19/2022,2,9,1,9,3,1,12000,59,,
665,8/19/2022,2,9,1,9,3,1,8500,40,,
666,8/19/2022,2,9,1,9,3,1,10000,51,,
667,8/21/2022,2,13,1,2,3,1,13500,67,,
668,8/21/2022,2,13,1,2,3,1,12500,58,,
669,8/21/2022,2,13,1,2,3,1,12500,62,,
670,8/21/2022,2,13,1,2,3,1,13000,61,,
671,8/21/2022,2,13,1,2,3,1,13000,66,,
672,8/21/2022,2,13,1,2,3,1,12500,60,,
673,8/21/2022,2,13,1,2,3,1,13000,62,,
674,8/21/2022,2,13,1,2,3,1,12500,62,,
675,8/29/2022,2,13,1,2,3,1,13000,63,,
676,8/29/2022,2,13,1,2,3,1,13000,63,,
677,8/29/2022,2,13,1,2,3,1,13000,64,,
678,9/3/2022,2,13,,2,3,1,12500,63,,
679,9/3/2022,2,13,,2,3,1,13000,62,,
680,9/4/2022,2,13,1,2,3,1,10500,51,,
681,9/4/2022,2,13,1,2,3,1,10500,53,,
682,9/4/2022,2,13,1,2,3,1,10000,50,,
683,9/8/2022,2,5,1,9,3,1,10500,51,,
684,9/8/2022,2,5,1,9,3,1,10000,48,,
685,9/9/2022,2,5,1,9,3,1,10500,54,,
686,9/9/2022,2,5,1,9,3,1,10500,50,,
687,9/9/2022,2,5,1,9,1,1,10500,50,,
688,9/9/2022,2,5,1,9,3,3,11000,52,,
689,9/9/2022,2,5,1,9,3,1,10500,53,,
690,9/9/2022,2,5,1,9,3,1,11000,54,,
691,9/9/2022,2,5,1,9,3,1,10500,50,,
692,9/10/2022,2,5,1,9,2,1,10500,52,,
693,9/10/2022,2,5,1,9,3,3,10500,55,,
694,9/10/2022,2,5,1,9,3,1,10500,51,,
695,9/10/2022,2,5,6,9,3,1,13000,63,,
696,9/13/2022,2,5,6,9,3,1,13500,68,,
697,9/13/2022,2,5,6,9,3,1,13000,68,,
698,9/13/2022,2,5,6,9,3,1,13000,68,,
699,9/13/2022,2,5,6,9,3,1,13000,66,,
700,9/13/2022,2,5,6,9,3,1,13000,67,,
701,9/13/2022,2,5,6,9,3,1,13500,69,,
702,9/13/2022,2,5,6,9,3,1,13000,68,,
703,9/13/2022,2,5,6,9,3,1,13500,67,,
704,9/14/2022,2,5,6,9,3,1,13000,66,,
705,9/14/2022,2,5,6,9,3,1,13500,67,,
706,9/17/2022,8,13,,2,3,1,12500,60,,
707,9/17/2022,8,13,,2,3,1,13500,63,,
708,9/17/2022,3,13,,2,3,1,13000,52,,
709,10/2/2022,2,13,,2,3,1,13000,63,,
710,10/2/2022,2,13,,2,3,1,12500,65,,
711,10/2/2022,2,13,,2,3,1,9500,45,,
712,10/2/2022,2,13,,2,3,1,13000,57,,
713,10/8/2022,2,2,,2,3,1,13000,62,4,Funnel Cakes
714,10/8/2022,2,2,,2,3,1,13000,59,4,Funnel Cakes
715,10/8/2022,2,2,,2,3,1,13000,60,4,Funnel Cakes
716,10/8/2022,2,2,,2,3,1,14500,70,4,Funnel Cakes
717,10/8/2022,2,2,,2,3,1,12500,63,5,5 points for 5 people
718,10/9/2022,2,2,,2,3,1,12500,62,4,Corn Dogs
719,10/9/2022,2,2,,2,3,1,13500,63,4,Corn Dogs
720,10/9/2022,5,2,,2,3,1,12500,62,4,failed 6
721,10/9/2022,2,2,,2,3,1,13000,69,4,ladies! Good 4 way with some newer people.
722,11/5/2022,2,4,,9,3,1,13000,65,7,
723,11/5/2022,2,4,,9,3,1,13500,62,5,
724,11/7/2022,2,4,,9,3,1,13000,62,2,BIRTHDAY.
725,11/12/2022,2,4,,9,3,1,13500,68,3,
726,11/12/2022,2,4,,9,3,1,13000,66,8,
727,11/12/2022,2,4,,9,3,1,13000,62,6,
728,11/12/2022,2,4,,9,3,1,13000,66,6,
729,11/13/2022,2,4,,9,3,1,13000,68,7,
730,11/13/2022,2,4,,9,3,1,13500,67,,
731,11/19/2022,2,4,,9,3,1,13500,68,6,
732,11/19/2022,2,4,,9,3,1,12500,57,6,
733,11/26/2022,2,11,,9,3,1,12500,61,4,
734,11/26/2022,2,11,,9,3,1,11000,52,4,
735,11/26/2022,2,11,,9,3,1,13000,63,4,
736,11/26/2022,2,11,,9,3,1,11000,53,4,
737,11/26/2022,2,11,,9,3,1,10500,50,4,
738,12/2/2022,1,4,,9,3,1,13000,66,17,
739,12/2/2022,1,4,,9,3,1,13000,69,17,
740,12/2/2022,1,4,,9,3,1,13000,67,17,
741,12/2/2022,1,4,,9,3,1,13000,68,17,
742,12/2/2022,1,4,,9,3,1,13000,66,17,
743,12/2/2022,1,4,,9,3,1,13000,64,16,
744,12/10/2022,2,4,,9,3,1,13000,66,13,Gremlins
745,12/10/2022,2,4,,9,3,1,13000,64,13,Gremlins
746,12/10/2022,2,4,,9,3,1,13500,68,13,Gremlins
747,12/10/2022,2,4,,9,3,1,12500,64,13,Gremlins
748,12/10/2022,2,4,,9,3,1,13000,66,13,Gremlins
749,12/11/2022,2,4,,9,3,1,13500,70,3,
750,12/16/2022,1,12,,9,3,1,13000,68,20,All American 1s
751,12/17/2022,1,12,,8,3,1,13500,65,20,All American 1s
752,12/17/2022,1,12,,8,3,1,15000,74,40,All American 1s
753,12/17/2022,1,12,,8,3,1,17000,82,40,All American 1s
754,12/18/2022,1,12,,9,3,1,17000,87,40,All American 1s
755,12/18/2022,1,12,,9,3,1,17000,88,40,All American 1s
756,12/23/2022,2,4,,9,3,1,13000,50,6,
757,12/24/2022,2,4,,9,3,1,13500,62,10,
758,12/24/2022,2,4,,9,3,1,13000,62,3,
759,12/24/2022,2,4,,9,3,1,13000,61,3,
760,12/24/2022,2,4,,9,3,1,13000,66,5,
761,12/25/2022,2,4,,9,3,1,13000,68,4,
762,12/26/2022,2,4,,9,3,1,13500,70,8,
763,12/26/2022,2,4,,9,3,1,13000,67,6,
764,12/26/2022,2,4,,9,3,1,14000,71,7,
765,12/26/2022,2,4,,9,3,1,13000,63,5,
766,12/26/2022,2,4,,9,2,1,13500,66,3,
767,1/21/2023,2,4,2,9,2,3,11500,60,4,
768,1/21/2023,2,4,2,9,2,3,11500,58,4,
769,1/21/2023,2,4,2,9,2,3,13500,65,4,
770,1/21/2023,2,4,2,9,2,3,11500,56,4,
771,1/21/2023,2,4,2,9,2,3,12000,60,4,
772,1/21/2023,2,4,2,9,2,3,12000,61,4,
773,1/21/2023,2,4,2,9,2,3,12000,60,4,
774,1/22/2023,2,4,2,9,2,3,10500,53,4,
775,1/29/2023,5,4,,9,3,3,13000,66,6,
776,2/4/2023,1,4,,8,3,1,13000,67,14,
777,2/4/2023,1,4,,8,3,1,13500,70,14,
778,2/4/2023,1,4,,8,3,1,13500,68,14,
779,2/4/2023,1,4,,8,3,1,13500,67,14,
780,2/4/2023,1,4,,8,3,1,13500,67,14,
781,2/4/2023,2,4,,9,3,1,13000,67,4,
782,2/5/2023,1,4,,8,3,1,13500,68,33,
783,2/5/2023,1,4,,8,3,1,13000,66,33,
784,2/5/2023,1,4,,8,3,1,13500,64,33,
785,2/5/2023,1,4,,8,3,1,13000,65,32,
786,2/5/2023,1,4,,8,3,1,13000,64,32,
787,2/24/2023,1,4,,9,3,1,13500,72,20,
788,2/24/2023,1,4,,9,3,1,13500,70,20,
789,2/24/2023,1,4,,9,3,1,13500,70,20,
790,2/24/2023,1,4,,9,3,1,13500,67,20,
791,2/24/2023,1,4,,9,3,1,13500,72,20,
792,2/24/2023,1,4,,9,3,1,13500,69,20,
793,2/25/2023,1,4,,9,3,1,15500,74,43,
794,2/25/2023,1,4,,9,3,1,12500,61,43,
795,2/25/2023,1,4,,9,3,1,16500,78,43,
796,2/25/2023,1,4,,9,3,1,16500,80,43,
797,2/25/2023,1,4,,9,3,1,16500,82,33,
798,2/25/2023,1,4,,9,3,1,16500,77,44,
799,3/17/2023,1,4,,9,3,1,13000,67,20,
800,3/17/2023,1,4,,9,3,1,13000,69,20,
801,3/17/2023,1,4,,9,3,1,13000,67,20,
802,3/17/2023,1,4,,9,3,1,13000,68,20,
803,3/17/2023,1,4,,9,3,1,13000,67,21,
804,3/17/2023,1,4,,9,3,1,13000,67,21,
805,3/18/2023,1,4,,8,3,1,16000,85,43,
806,3/18/2023,1,4,,8,3,1,16000,86,43,
807,3/18/2023,1,4,,8,3,1,16000,83,43,
808,3/19/2023,1,4,,8,3,1,15500,80,43,
809,3/19/2023,1,4,,8,3,1,16000,84,42,
810,3/19/2023,1,4,,9,3,1,13500,72,42,
811,3/19/2023,1,4,,9,3,1,13500,70,42,
812,3/31/2023,2,4,2,9,3,1,10500,53,4,
813,3/31/2023,2,4,2,9,2,1,10500,53,4,
814,3/31/2023,2,4,2,9,3,3,10500,53,4,
815,3/31/2023,2,4,2,9,2,1,11000,55,4,
816,3/31/2023,2,4,2,9,3,3,10500,49,4,
817,3/31/2023,2,4,2,9,3,1,10500,51,4,
818,4/1/2023,2,4,2,9,2,1,13000,67,4,
819,4/1/2023,2,4,2,9,3,3,13000,64,4,
820,4/1/2023,2,4,2,9,2,1,14000,68,4,
821,4/1/2023,2,4,2,9,3,3,13000,66,4,
822,4/1/2023,2,4,2,9,2,1,13500,66,4,
823,4/1/2023,2,4,2,9,3,3,10500,51,4,
824,4/1/2023,2,4,2,9,3,1,11500,57,4,
825,4/2/2023,2,4,2,9,2,1,10500,51,4,
826,4/2/2023,2,4,2,9,3,3,10500,53,4,
827,4/2/2023,2,4,2,9,2,1,10500,52,4,
828,4/2/2023,2,4,2,9,3,3,10500,51,4,
829,4/2/2023,2,4,2,9,2,1,10500,51,4,
830,4/2/2023,2,4,2,9,3,3,10500,51,4,
831,4/2/2023,2,4,2,9,2,1,10500,51,4,
832,4/2/2023,2,4,2,9,3,3,10500,53,4,
833,4/2/2023,2,4,2,9,3,1,10500,51,4,
834,4/6/2023,1,12,,9,3,1,13500,72,20,
835,4/6/2023,1,12,,9,3,1,13500,69,20,
836,4/6/2023,1,12,,9,3,1,14500,74,20,
837,4/6/2023,1,12,,9,3,1,14500,77,20,
838,4/6/2023,1,12,,9,3,1,14500,75,20,
839,4/7/2023,1,12,,8,3,1,15000,80,40,
840,4/7/2023,1,12,,8,3,1,15000,79,40,
841,4/8/2023,1,12,,9,3,1,16500,88,40,
842,4/8/2023,1,12,,9,3,1,17000,89,40,
843,4/8/2023,1,12,,8,3,1,17000,88,40,
844,5/5/2023,2,4,2,9,3,1,10500,53,,
845,5/5/2023,2,4,2,9,2,1,10500,51,,
846,5/5/2023,2,4,2,9,3,3,10500,50,,
847,5/5/2023,2,4,2,9,2,1,10500,55,,
848,5/5/2023,2,4,2,9,3,3,10500,51,,
849,5/5/2023,2,4,2,9,3,1,14000,67,,
850,5/6/2023,2,4,2,9,2,1,11500,55,,
851,5/6/2023,2,4,2,9,3,3,12000,57,,
852,5/6/2023,2,4,2,9,2,1,12000,56,,
853,5/6/2023,2,4,2,9,3,3,11500,50,,
854,5/6/2023,2,4,2,9,2,1,11500,61,,
855,5/6/2023,2,4,2,9,3,3,11500,57,,
856,5/6/2023,2,4,2,9,2,1,10500,55,,
857,5/6/2023,2,4,2,9,3,3,10500,56,,
858,5/6/2023,2,4,2,9,2,1,11500,56,,
859,5/6/2023,2,4,2,9,3,3,11500,49,,
860,5/7/2023,2,4,2,9,2,1,11500,53,,
861,5/7/2023,2,4,2,9,3,3,11500,59,,
862,5/7/2023,2,4,2,9,2,1,11500,58,,
863,5/7/2023,2,4,2,9,3,3,11500,55,,
864,5/7/2023,2,4,2,9,2,1,11500,57,,
865,5/7/2023,2,4,2,9,3,3,11500,57,,
866,5/7/2023,2,4,2,9,3,1,11500,59,,
867,5/7/2023,2,4,2,9,2,1,10500,56,,
868,5/7/2023,2,4,2,9,3,3,13500,56,,
869,5/7/2023,2,4,2,9,3,1,10500,59,,
870,5/26/2023,2,9,,9,3,1,13500,68,3,
871,5/27/2023,6,9,,9,3,1,13500,65,4,
872,5/27/2023,2,9,,9,3,1,13500,64,12,
873,6/2/2023,2,5,4,9,3,1,13500,71,8,
874,6/2/2023,2,5,4,9,3,1,13500,72,8,
875,6/2/2023,2,5,4,9,3,1,13500,69,8,
876,6/2/2023,2,5,4,9,3,1,13000,67,8,
877,6/2/2023,2,5,4,9,3,1,13500,72,8,
878,6/2/2023,2,5,4,9,3,1,13000,70,8,
879,6/2/2023,2,5,4,9,3,1,13500,70,8,
880,6/2/2023,2,5,4,9,3,1,13500,70,8,
881,6/3/2023,2,5,4,9,3,1,13000,67,8,
882,6/3/2023,2,5,4,9,3,1,13500,68,8,
883,6/3/2023,2,5,4,9,3,1,14000,72,8,
884,6/3/2023,2,5,4,9,3,1,13500,69,8,
885,6/3/2023,2,5,4,9,3,1,13500,68,8,
886,6/3/2023,2,5,4,9,3,1,13500,68,8,
887,6/3/2023,2,5,4,9,3,1,13500,69,8,
888,6/3/2023,2,5,4,9,3,1,12500,63,8,
889,6/3/2023,2,5,4,9,3,1,14000,72,8,
890,6/4/2023,2,5,4,9,3,1,13000,66,8,
891,6/4/2023,2,5,4,9,3,1,13500,67,8,
892,6/4/2023,2,5,4,9,3,1,13500,72,8,
893,6/4/2023,2,5,4,9,3,1,13500,68,8,
894,6/4/2023,2,5,4,9,3,1,13000,67,8,
895,6/4/2023,2,5,4,9,3,1,13500,69,8,
896,6/4/2023,2,5,4,9,3,1,13500,68,8,
897,6/17/2023,2,5,,9,3,1,13000,65,,
898,6/18/2023,2,5,,9,3,1,13000,63,,
899,6/23/2023,2,5,4,9,2,1,13000,67,,
900,6/23/2023,2,5,4,9,3,3,13000,67,,
901,6/23/2023,2,5,4,9,2,1,13000,67,,
902,6/23/2023,2,5,4,9,3,3,14000,72,,
903,6/23/2023,2,5,4,9,2,1,13000,68,,
904,6/23/2023,2,5,4,9,3,3,13000,69,,
905,6/23/2023,2,5,4,9,3,1,14000,73,,
906,6/23/2023,2,5,4,9,2,1,13500,72,,
907,6/23/2023,2,5,4,9,3,3,13500,71,,
908,6/23/2023,2,5,4,9,3,1,13000,68,,
909,6/24/2023,2,5,4,9,2,1,13000,67,,
910,6/24/2023,2,5,4,9,3,3,13000,69,,
911,6/24/2023,2,5,4,9,2,1,13000,67,,
912,6/24/2023,2,5,4,9,3,3,13000,68,,
913,6/24/2023,2,5,4,9,2,1,13000,67,,
914,6/24/2023,2,5,4,9,3,3,13000,67,,
915,6/24/2023,2,5,4,9,2,1,13000,68,,
916,6/24/2023,2,5,4,9,3,3,13000,70,,
917,6/24/2023,2,5,4,9,2,1,13000,68,,
918,6/24/2023,2,5,4,9,3,3,13000,66,,
919,6/25/2023,2,5,4,9,3,1,13000,69,,
920,7/1/2023,2,8,2,9,2,1,10500,55,,
921,7/1/2023,2,8,2,9,3,3,10500,55,,
922,7/1/2023,2,8,2,9,2,1,10500,55,,
923,7/1/2023,2,8,2,9,3,3,10500,55,,
924,7/1/2023,2,8,2,9,2,1,10500,55,,
925,7/1/2023,2,8,2,9,3,3,10500,53,,
926,7/1/2023,2,8,2,9,2,1,10500,54,,
927,7/1/2023,2,8,2,9,3,3,10500,54,,
928,7/1/2023,2,8,2,9,2,1,10500,54,,
929,7/1/2023,2,8,2,9,3,3,10500,54,,
930,7/1/2023,2,8,2,9,2,1,10500,54,,
931,7/1/2023,2,8,2,9,3,3,10500,53,,
932,7/2/2023,2,8,2,9,2,1,14000,72,,
933,7/2/2023,2,8,2,9,3,3,10500,57,,
934,7/2/2023,2,8,2,9,2,1,10500,56,,
935,7/2/2023,2,8,2,9,3,3,11500,58,,
936,7/2/2023,2,8,2,9,2,1,10500,55,,
937,7/2/2023,2,8,2,9,3,3,10500,55,,
938,7/2/2023,2,8,2,9,2,1,10500,54,,
939,7/2/2023,2,8,2,9,3,3,10500,53,,
940,7/2/2023,2,8,2,9,2,1,11000,57,,
941,7/2/2023,2,8,2,9,3,3,10500,54,,
942,7/2/2023,2,8,2,9,2,1,10500,56,,
943,7/2/2023,2,8,2,9,3,3,10500,55,,
944,7/3/2023,2,8,2,9,2,1,10500,56,,
945,7/3/2023,2,8,2,9,3,3,10500,55,,
946,7/3/2023,2,8,2,9,2,1,10500,54,,
947,7/3/2023,2,8,2,9,3,3,10500,56,,
948,7/3/2023,2,8,2,9,2,1,10500,54,,
949,7/3/2023,2,8,2,9,3,3,10500,56,,
950,7/3/2023,2,8,2,9,2,1,10500,56,,
951,7/3/2023,2,8,2,9,3,3,10500,55,,
952,7/7/2023,1,9,,8,3,1,13500,69,38,
953,7/7/2023,1,9,,8,3,1,13500,70,38,
954,7/7/2023,1,9,,8,3,1,13500,68,38,
955,7/7/2023,1,9,,8,3,1,13500,71,38,
956,7/7/2023,1,9,,8,3,1,16500,87,38,
957,7/8/2023,1,9,,8,3,1,17000,84,38,
958,7/8/2023,1,9,,8,3,1,17500,92,38,
959,7/8/2023,1,9,,8,3,1,17000,87,38,
960,7/8/2023,1,9,,8,3,1,17000,85,38,
961,7/9/2023,1,9,,8,3,1,16000,84,38,
962,7/9/2023,1,9,,8,3,1,17000,87,35,
963,7/9/2023,1,9,,8,3,1,16500,85,35,
964,7/9/2023,1,9,,8,3,1,16500,85,35,
965,7/10/2023,2,5,4,9,3,1,14000,72,8,
966,7/10/2023,2,5,4,9,3,1,13000,68,8,
967,7/10/2023,2,5,4,9,3,1,13000,67,8,
968,7/14/2023,2,7,,9,3,2,10500,52,4,Rich Delgado and Ian with Laura
969,7/14/2023,2,7,,9,3,2,13000,65,4,Rich Delgado and Ian with Laura
970,7/14/2023,2,7,,9,3,2,10500,55,4,Rich Delgado and Ian with Laura
971,7/14/2023,2,7,,9,3,2,10500,55,4,Rich Delgado and Ian with Laura
972,7/15/2023,2,7,2,9,3,2,10500,54,4,Ian with Laura and Greg
973,7/15/2023,2,7,2,9,3,2,10500,53,4,Ian with Laura and Greg
974,7/15/2023,2,7,2,9,3,2,10500,55,4,Ian with Laura and Greg
975,7/15/2023,2,7,2,9,3,2,11000,57,4,Ian with Laura and Greg
976,7/15/2023,2,7,2,9,3,2,11000,52,4,Ian with Laura and Greg
977,7/15/2023,2,7,2,9,3,2,10500,53,4,Ian with Laura and Greg
978,7/15/2023,2,7,2,9,3,2,10500,54,4,Ian with Laura and Greg
979,7/16/2023,2,7,2,9,3,2,10500,52,4,Ian with Laura and Greg
980,7/16/2023,2,7,2,9,3,2,11000,56,4,Ian with Laura and Greg
981,7/16/2023,2,7,2,9,3,2,11000,54,4,Ian with Laura and Greg
982,7/16/2023,2,7,,9,2,2,14000,75,14,a good way to end Pre-Nationals
983,7/22/2023,2,1,,10,2,1,13000,65,,
984,7/22/2023,2,1,,10,2,1,13000,63,,
985,7/22/2023,2,1,,10,2,1,13000,60,,
986,7/22/2023,2,1,,10,2,1,13000,62,,
987,7/22/2023,2,1,,10,2,1,13000,64,,
988,7/22/2023,2,1,,10,2,1,13000,63,,
989,7/22/2023,2,1,,10,3,1,13000,62,,
990,7/28/2023,2,8,2,9,2,2,10500,53,4,
991,7/28/2023,2,8,2,9,3,1,10500,54,4,
992,7/28/2023,2,8,2,9,2,2,10500,52,4,
993,7/28/2023,2,8,2,9,3,1,14000,70,4,
994,7/28/2023,2,8,2,9,2,2,10500,52,4,
995,7/28/2023,2,8,2,9,3,1,10500,56,4,
996,7/28/2023,2,8,2,9,2,2,10500,55,4,
997,7/28/2023,2,8,2,9,3,1,11000,56,4,
998,7/28/2023,2,8,2,9,3,2,11000,56,4,
999,7/29/2023,2,7,2,9,2,2,10500,53,4,
1000,7/29/2023,2,7,2,9,3,1,10500,52,4,
1001,7/29/2023,2,7,2,9,2,2,10500,53,4,
1002,7/29/2023,2,7,2,9,3,1,10500,56,4,
1003,7/29/2023,2,7,2,9,2,2,10500,52,4,
1004,7/29/2023,2,7,2,9,3,1,10500,54,4,
1005,7/29/2023,2,7,2,9,2,2,10500,51,4,
1006,7/29/2023,2,7,2,9,3,1,10500,56,4,
1007,7/29/2023,2,7,2,9,2,2,10500,54,4,
1008,7/29/2023,2,7,2,9,3,1,10500,53,4,
1009,7/29/2023,2,7,2,9,3,2,11000,54,4,
1010,7/30/2023,2,8,2,9,2,2,10500,53,4,
1011,7/30/2023,2,8,2,9,3,1,11000,55,4,
1012,7/30/2023,2,8,2,9,3,2,10500,54,4,
1013,7/30/2023,2,8,2,9,2,2,10500,54,4,
1014,7/30/2023,2,8,2,9,3,1,11000,56,4,
1015,7/30/2023,2,8,2,9,3,2,10500,54,4,
1016,7/30/2023,2,8,2,9,2,2,10500,55,4,
1017,7/30/2023,2,8,2,9,3,1,11000,54,4,
1018,7/30/2023,2,8,2,9,2,2,11000,56,4,
1019,7/30/2023,2,8,2,9,3,1,10500,54,4,
1020,8/3/2023,2,5,,9,3,2,14000,69,,
1021,8/4/2023,2,5,,9,3,2,13500,69,,
1022,8/11/2023,2,5,4,9,3,2,13500,34,8,
1023,8/11/2023,2,5,4,9,3,2,13000,67,8,
1024,8/11/2023,2,5,4,9,3,2,12000,66,8,
1025,8/11/2023,2,5,4,9,3,2,13000,62,8,
1026,8/11/2023,2,5,4,9,3,2,13000,68,8,
1027,8/11/2023,2,5,4,9,3,2,13000,68,8,
1028,8/11/2023,2,5,4,9,3,2,13500,69,8,
1029,8/11/2023,2,5,4,9,3,2,13500,69,8,
1030,8/12/2023,2,5,4,9,3,2,13000,69,8,
1031,8/12/2023,2,5,4,9,3,2,13000,67,8,
1032,8/12/2023,2,5,4,9,3,2,14000,71,8,
1033,8/12/2023,2,5,4,9,3,2,13500,71,8,
1034,8/12/2023,2,5,4,9,3,2,13500,70,8,
1035,8/12/2023,2,5,4,9,3,2,14000,71,8,
1036,8/12/2023,2,5,4,9,3,2,13000,66,8,
1037,8/12/2023,2,5,4,9,3,2,13500,69,8,
1038,8/12/2023,2,5,4,9,3,2,13500,70,8,
1039,8/13/2023,2,5,4,9,3,2,14000,73,8,
1040,8/13/2023,2,5,4,9,3,2,13000,70,8,
1041,8/13/2023,2,5,4,9,3,2,13000,67,8,
1042,8/13/2023,2,5,4,9,3,2,13500,69,8,
1043,8/13/2023,2,5,4,9,3,2,13500,68,8,
1044,8/25/2023,2,4,2,9,2,2,10500,52,4,
1045,8/25/2023,2,4,2,9,3,1,10500,53,4,
1046,8/25/2023,2,4,2,9,2,2,10500,51,4,
1047,8/25/2023,2,4,2,9,3,1,10500,52,4,
1048,8/25/2023,2,4,2,9,2,2,10500,53,4,
1049,8/25/2023,2,4,2,9,3,1,10500,56,4,
1050,8/25/2023,2,4,2,9,2,2,10500,54,4,
1051,8/25/2023,2,4,2,9,3,1,10500,54,4,
1052,8/25/2023,2,4,2,9,2,2,10500,53,4,
1053,8/25/2023,2,4,2,9,3,1,13000,65,4,
1054,8/26/2023,2,4,2,9,2,2,11500,57,4,
1055,8/26/2023,2,4,2,9,3,1,11500,57,4,
1056,8/26/2023,2,4,2,9,2,2,11500,60,4,
1057,8/26/2023,2,4,2,9,3,1,11500,59,4,
1058,8/26/2023,2,4,2,9,2,2,11000,56,4,
1059,8/26/2023,2,4,2,9,3,1,11500,59,4,
1060,8/26/2023,2,4,2,9,2,2,11500,59,4,
1061,8/26/2023,2,4,2,9,3,1,11000,57,4,
1062,8/26/2023,2,4,2,9,2,2,11500,57,4,
1063,8/26/2023,2,4,2,9,3,1,10500,55,4,
1064,8/27/2023,2,4,2,9,2,2,11000,57,4,
1065,8/27/2023,2,4,2,9,3,1,11500,59,4,
1066,8/27/2023,2,4,2,9,2,2,11500,58,4,
1067,8/27/2023,2,4,2,9,3,1,11500,59,4,
1068,8/27/2023,2,4,2,9,2,2,11500,59,4,
1069,8/27/2023,2,4,2,9,3,1,11500,61,4,
1070,8/27/2023,2,4,2,9,2,2,11500,57,4,
1071,8/27/2023,2,4,2,9,3,1,11000,55,4,
1072,8/27/2023,2,4,2,9,3,2,11000,57,4,
1073,9/8/2023,2,10,2,9,3,2,11000,56,4,
1074,9/8/2023,2,10,2,9,3,2,11000,56,4,
1075,9/8/2023,2,10,2,9,3,2,11000,56,4,
1076,9/8/2023,2,10,2,9,3,2,11000,55,4,
1077,9/8/2023,2,10,2,9,3,2,10500,55,4,
1078,9/8/2023,2,10,2,9,3,2,10500,53,4,
1079,9/10/2023,2,10,2,9,3,2,10500,52,4,
1080,9/10/2023,2,10,2,9,3,2,10500,51,4,
1081,9/10/2023,2,10,2,9,3,2,10500,55,4,
1082,9/10/2023,2,10,2,9,3,2,11000,57,4,
1083,9/10/2023,2,10,2,9,3,2,11000,54,4,
1084,9/10/2023,2,10,2,9,3,2,11000,57,4,
1085,9/11/2023,2,10,2,9,3,2,11000,56,4,
1086,9/11/2023,2,10,2,9,3,2,11000,56,4,
1087,9/11/2023,2,10,2,9,3,2,11000,56,4,
1088,9/11/2023,2,10,2,9,3,2,10500,55,4,
1089,9/16/2023,2,10,2,9,3,2,11000,55,4,
1090,9/16/2023,2,10,2,9,3,2,11000,53,4,
1091,9/16/2023,2,10,2,9,3,2,11000,57,4,
1092,9/16/2023,2,10,2,9,3,2,10500,56,4,
1093,9/17/2023,2,10,2,9,3,2,10500,56,4,
1094,9/17/2023,2,10,2,9,3,2,11000,56,4,
1095,9/18/2023,2,10,2,9,3,2,11000,55,4,
1096,9/18/2023,2,10,2,9,3,2,10500,52,4,
1097,9/18/2023,2,10,2,9,3,2,10500,55,4,
1098,9/18/2023,2,10,2,9,3,2,10500,53,4,
1099,9/18/2023,2,10,2,9,3,2,11500,58,4,
1100,9/18/2023,2,10,2,9,3,2,10500,55,4,
1101,9/18/2023,2,10,2,9,3,2,10500,51,4,
1102,9/19/2023,2,10,2,9,3,2,10500,56,4,
1103,9/19/2023,2,10,2,9,3,2,10500,52,4,
1104,9/19/2023,2,10,2,9,3,2,10500,53,4,
1105,9/19/2023,2,10,4,9,3,2,13000,67,8,
1106,9/19/2023,2,10,4,9,3,2,13000,65,8,
1107,9/19/2023,2,10,4,9,3,2,13000,68,8,
1108,9/19/2023,2,10,4,9,3,2,13000,71,8,
1109,9/20/2023,2,10,4,9,3,2,13000,66,8,
1110,9/20/2023,2,10,4,9,3,2,13500,69,8,
1111,9/20/2023,2,10,4,9,3,2,13000,69,8,
1112,9/20/2023,2,10,4,9,3,2,13500,68,8,
1113,9/20/2023,2,10,4,9,3,2,13000,66,8,
1114,9/20/2023,2,10,4,9,3,2,13000,66,8,
1115,9/21/2023,2,10,,9,3,2,13000,67,16,
1116,9/21/2023,2,10,,9,3,2,13000,68,16,
1117,9/21/2023,2,10,,9,3,2,13000,69,16,
1118,9/21/2023,2,10,,9,3,2,13000,68,16,
1119,9/21/2023,2,10,,9,3,2,13000,70,16,
1120,9/21/2023,2,10,,9,3,2,13000,65,16,
1121,10/22/2023,1,4,,9,3,2,13000,68,,
1122,10/22/2023,1,4,,9,3,2,13000,69,,
1123,10/22/2023,1,4,,9,3,2,16000,82,,
1124,10/23/2023,1,4,,9,3,2,16000,85,,
1125,10/23/2023,1,4,,9,3,2,16000,79,,
1126,10/23/2023,1,4,,9,3,2,16500,79,,
1127,10/23/2023,1,4,,9,3,2,16500,84,,
1128,10/24/2023,1,4,,9,3,2,18000,93,,
1129,10/24/2023,1,4,,9,3,2,18500,97,,
1130,10/25/2023,1,4,,9,3,2,18000,95,,
1131,10/25/2023,1,4,,9,3,2,18000,96,,
1132,10/25/2023,1,4,,9,3,2,18000,94,,
1133,10/25/2023,1,4,,9,3,2,18000,95,,
1134,10/26/2023,1,4,,9,3,2,18000,97,,
1135,10/26/2023,1,4,,9,3,2,14500,73,,
1136,10/27/2023,1,4,,9,3,2,16000,81,,
1137,12/2/2023,1,4,,9,3,2,16000,78,,
1138,12/2/2023,1,4,,9,3,2,16500,84,,
1139,12/2/2023,1,4,,9,3,2,16500,85,,
1140,12/2/2023,1,4,,9,3,2,16500,83,,
1141,12/2/2023,1,4,,9,3,2,5500,8,,
1142,12/3/2023,4,4,,9,3,2,5500,8,,
1143,12/3/2023,4,4,,9,3,2,5500,8,,
1144,12/3/2023,4,4,,9,3,2,5500,8,,
1145,12/3/2023,4,4,,9,3,2,6000,8,,
1146,12/3/2023,4,4,,9,3,2,13000,56,,
1147,12/19/2023,,4,,9,3,2,13000,61,,Tandem with Joey Buscko
1148,12/30/2023,2,4,,9,3,2,13000,67,,
1149,12/30/2023,2,4,,9,3,2,13000,67,,
1150,12/31/2023,2,4,,9,3,2,13000,62,,
1151,12/31/2023,2,4,,9,3,2,13000,63,,
1152,12/31/2023,2,4,,9,3,2,13000,63,,
1153,12/31/2023,2,4,,9,3,2,13000,63,,
1154,12/31/2023,2,4,,9,5,2,13000,63,,
1155,1/26/2024,2,4,,9,3,1,13500,67,,
1156,1/27/2024,2,4,3,9,5,2,11500,58,4,
1157,1/27/2024,2,4,3,9,3,1,11500,59,4,
1158,1/27/2024,2,4,3,9,3,2,13000,68,4,
1159,1/27/2024,2,4,3,9,3,2,13000,66,4,
1160,1/28/2024,2,4,3,9,5,2,11500,57,4,
1161,1/28/2024,2,4,3,9,3,1,11500,55,4,
1162,1/28/2024,2,4,3,9,5,2,11500,58,4,
1163,1/28/2024,2,4,3,9,3,1,11500,58,4,
1164,1/28/2024,2,4,3,9,5,2,11500,58,4,
1165,1/28/2024,2,4,3,9,3,1,11500,60,4,
1166,1/28/2024,2,4,3,9,5,2,13000,68,4,
1167,1/28/2024,2,4,3,9,3,1,13000,66,4,
1168,1/28/2024,2,4,3,9,5,2,10500,52,4,
1169,1/28/2024,2,4,3,9,3,1,13000,65,4,
1170,2/10/2024,1,4,,9,3,2,16500,83,,
1171,2/10/2024,1,4,,9,3,2,16500,77,,
1172,2/10/2024,1,4,,9,3,2,16000,81,,
1173,2/10/2024,1,4,,9,3,2,16000,82,,
1174,2/10/2024,1,4,,9,3,2,16000,82,,
1175,2/10/2024,1,4,,9,3,2,16000,82,,
1176,2/11/2024,1,4,,8,3,2,16000,81,,
1177,2/11/2024,1,4,,8,3,2,16500,81,,
1178,2/11/2024,1,4,,8,3,2,16000,83,,
1179,2/11/2024,1,4,,8,3,2,16000,81,,
1180,2/11/2024,1,4,,8,3,2,16500,81,,
1181,2/29/2024,2,4,3,9,5,2,11000,56,4,
1182,2/29/2024,2,4,3,9,3,1,11000,53,4,
1183,2/29/2024,2,4,3,9,5,2,11000,55,4,
1184,2/29/2024,2,4,3,9,3,1,10500,55,4,
1185,2/29/2024,2,4,3,9,5,2,10500,53,4,
1186,2/29/2024,2,4,3,9,3,1,10500,53,4,
1187,2/29/2024,2,4,3,9,5,2,11000,54,4,
1188,2/29/2024,2,4,3,9,3,1,11000,55,4,
1189,2/29/2024,2,4,3,9,5,2,11000,55,4,
1190,2/29/2024,2,4,3,9,3,1,10500,54,4,
1191,3/1/2024,2,4,3,9,5,2,10500,54,4,
1192,3/1/2024,2,4,3,9,3,1,10500,53,4,
1193,3/1/2024,2,4,3,9,5,2,11000,55,4,
1194,3/1/2024,2,4,3,9,3,1,10500,53,4,
1195,3/1/2024,2,4,3,9,5,2,11000,54,4,
1196,3/1/2024,2,4,3,9,3,1,10500,57,4,
1197,3/1/2024,2,4,3,9,5,2,10500,53,4,
1198,3/1/2024,2,4,3,9,3,1,11000,54,4,
1199,3/1/2024,2,4,3,9,5,2,10500,53,4,
1200,3/1/2024,2,4,3,9,3,1,11000,55,4,
1201,3/1/2024,2,4,3,9,5,2,11000,53,4,
1202,3/1/2024,2,4,3,9,3,1,11000,54,4,
1203,3/2/2024,2,4,3,9,5,2,11000,54,4,
1204,3/2/2024,2,4,3,9,3,1,10500,51,4,
1205,3/2/2024,2,4,3,9,5,2,10500,52,4,
1206,3/2/2024,2,4,3,9,3,1,10500,49,4,
1207,3/3/2024,2,4,3,9,5,2,10500,52,4,
1208,3/3/2024,2,4,3,9,3,1,11000,54,4,
1209,3/3/2024,2,4,3,9,5,2,11000,53,4,
1210,3/3/2024,2,4,3,9,3,1,13000,65,4,
1211,3/3/2024,2,4,3,9,5,2,10500,52,4,
1212,3/3/2024,2,4,3,9,3,1,11000,52,4,
1213,3/3/2024,2,4,3,9,5,2,11000,53,4,
1214,3/3/2024,2,4,3,9,3,1,13000,64,4,
1215,3/3/2024,2,4,3,9,5,2,11000,53,4,
1216,3/3/2024,2,4,3,9,3,1,10500,53,4,
1217,3/3/2024,2,4,3,9,5,2,10500,53,4,
1218,3/3/2024,2,4,3,9,3,1,13000,67,4,
1219,3/22/2024,1,4,,9,3,2,13500,72,20,
1220,3/22/2024,1,4,,9,3,2,13500,69,20,
1221,3/22/2024,1,4,,9,3,2,13500,67,20,
1222,3/22/2024,1,4,,9,3,2,13500,69,20,
1223,3/22/2024,1,4,,9,3,2,13500,70,20,
1224,3/22/2024,1,4,,9,3,2,14000,71,20,
1225,3/23/2024,1,4,,9,3,2,16500,83,40,
1226,3/23/2024,1,4,,9,3,2,16500,86,40,
1227,3/23/2024,1,4,,9,3,2,15500,79,40,
1228,3/23/2024,1,4,,9,3,2,16500,83,40,
1229,3/23/2024,1,4,,9,3,2,16500,84,40,
1230,4/6/2024,4,4,,9,3,2,5000,3,,
1231,4/6/2024,4,4,,9,3,2,5000,3,,
1232,4/6/2024,4,4,,9,3,2,5000,3,,
1233,4/6/2024,4,4,,9,3,2,5000,3,,
1234,4/6/2024,4,4,,9,3,2,5000,3,,
1235,4/27/2024,1,4,,9,3,2,13500,60,,
1236,4/27/2024,1,4,,9,3,2,13500,60,,
1237,4/27/2024,1,4,,9,3,2,13500,60,,
1238,4/27/2024,1,4,,9,3,2,13500,60,,
1239,4/27/2024,1,4,,9,3,2,13500,60,,
1240,4/28/2024,1,4,,9,3,2,16000,70,,
1241,4/28/2024,1,4,,9,3,2,16000,70,,
1242,4/28/2024,1,4,,9,3,2,16000,70,,
1243,4/28/2024,1,4,,9,3,2,16000,70,,
1244,4/28/2024,1,4,,9,3,2,16000,70,,
1245,5/2/2024,2,4,3,9,5,2,10500,45,4,
1246,5/2/2024,2,4,3,9,3,1,10500,45,4,
1247,5/2/2024,2,4,3,9,5,2,10500,45,4,
1248,5/2/2024,2,4,3,9,3,1,10500,45,4,
1249,5/2/2024,2,4,3,9,5,2,10500,45,4,
1250,5/2/2024,2,4,3,9,3,1,10500,45,4,
1251,5/2/2024,2,4,3,9,5,2,10500,45,4,
1252,5/2/2024,2,4,3,9,3,1,10500,45,4,
1253,5/2/2024,2,4,3,9,5,2,10500,45,4,
1254,5/3/2024,2,4,3,9,3,1,10500,45,4,
1255,5/3/2024,2,4,3,9,5,2,10500,45,4,
1256,5/3/2024,2,4,3,9,3,1,10500,45,4,
1257,5/3/2024,2,4,3,9,5,2,10500,45,4,
1258,5/3/2024,2,4,3,9,3,1,10500,45,4,
1259,5/3/2024,2,4,3,9,5,2,10500,45,4,
1260,5/3/2024,2,4,3,9,3,1,10500,45,4,
1261,5/3/2024,2,4,3,9,5,2,10500,45,4,
1262,5/4/2024,2,4,3,9,3,1,10500,45,4,
1263,5/4/2024,2,4,3,9,5,2,10500,45,4,
1264,5/4/2024,2,4,3,9,3,1,10500,45,4,
1265,5/4/2024,2,4,3,9,5,2,10500,45,4,
1266,5/4/2024,2,4,3,9,3,1,10500,45,4,
1267,5/4/2024,2,4,3,9,5,2,10500,45,4,
1268,5/4/2024,2,4,3,9,3,1,10500,45,4,
1269,5/4/2024,2,4,3,9,5,2,10500,45,4,
1270,5/4/2024,2,4,3,9,3,1,10500,45,4,
1271,5/4/2024,2,4,3,9,5,2,10500,45,4,
1272,5/4/2024,2,4,3,9,3,1,10500,45,4,
1273,5/4/2024,2,4,3,9,5,2,10500,45,4,
1274,5/5/2024,2,4,3,9,3,1,10500,45,4,
1275,5/5/2024,2,4,3,9,5,2,10500,45,4,
1276,5/5/2024,2,4,3,9,3,1,10500,45,4,
1277,5/5/2024,2,4,3,9,5,2,10500,45,4,
1278,5/5/2024,2,4,3,9,3,1,10500,45,4,
1279,5/5/2024,2,4,3,9,3,2,10500,45,4,
1280,5/23/2024,2,4,3,9,3,2,10500,45,4,
1281,5/23/2024,2,4,3,9,3,2,10500,45,4,
1282,5/23/2024,2,4,3,9,3,2,13500,60,4,
1283,5/23/2024,2,4,3,9,3,2,13500,60,4,
1284,5/23/2024,2,4,3,9,3,2,13500,60,4,
1285,5/23/2024,2,4,3,9,3,2,13500,60,4,
1286,5/23/2024,2,4,3,9,3,2,13500,60,4,
1287,5/24/2024,1,4,,9,3,2,13000,60,20,
1288,5/24/2024,1,4,,9,3,2,1400,60,20,
1289,5/24/2024,1,4,,9,3,2,13500,60,20,
1290,5/24/2024,1,4,,9,3,2,13500,60,20,
1291,5/24/2024,1,4,,9,3,2,13500,60,20,
1292,5/25/2024,1,4,,9,3,2,13000,60,40,
1293,5/25/2024,1,4,,9,3,2,13500,60,40,
1294,5/25/2024,1,4,,9,3,2,13500,60,40,
1295,5/25/2024,1,4,,9,3,2,16400,70,40,
1296,5/26/2024,1,4,,9,3,2,17500,85,40,
1297,5/26/2024,1,4,,9,3,2,18000,85,100,
1298,5/26/2024,1,4,,9,3,2,18000,85,100,
1299,5/26/2024,1,4,,9,3,2,18000,85,100,
1300,5/27/2024,1,4,,9,3,2,18500,85,100,
1301,5/27/2024,1,4,,9,3,2,17500,80,100,
1302,5/27/2024,1,4,,9,3,2,18500,85,100,
1303,6/21/2024,2,5,,9,3,2,13000,55,,
1304,6/21/2024,2,5,,9,3,2,13000,55,,
1305,6/21/2024,2,5,,9,3,2,13000,55,,
1306,6/21/2024,2,5,,9,6,2,13000,55,,
1307,6/23/2024,4,5,,9,6,1,5000,5,,
1308,6/29/2024,4,5,,9,3,1,5000,5,,
1309,7/1/2024,2,5,,9,6,2,13000,55,,
1310,7/4/2024,1,5,,9,6,1,9000,45,,
1311,7/5/2024,1,5,,9,6,1,15000,65,,
1312,7/5/2024,1,5,,9,6,1,16000,70,,
1313,7/5/2024,1,5,,9,6,1,16000,70,,
1314,7/6/2024,1,5,,9,6,1,17000,75,,
1315,7/6/2024,1,5,,9,6,1,17000,75,,
1316,7/6/2024,1,5,,9,6,1,17000,75,,
1317,7/6/2024,1,5,,9,6,1,17000,75,,
1318,7/7/2024,1,5,,9,6,1,15000,70,,
1319,7/7/2024,1,5,,9,6,1,17000,75,,
1320,7/7/2024,1,5,,8,3,1,17500,75,,
1321,7/18/2024,2,4,3,9,6,2,13000,60,4,
1322,7/18/2024,2,4,3,9,3,1,13000,60,4,
1323,7/18/2024,2,4,3,9,6,2,13000,60,4,
1324,7/18/2024,2,4,3,9,3,1,11000,45,4,
1325,7/18/2024,2,4,3,9,6,2,11000,45,4,
1326,7/18/2024,2,4,3,9,6,1,12500,55,4,
1327,7/19/2024,2,4,3,9,3,1,10500,45,4,
1328,7/19/2024,2,4,3,9,6,2,11000,45,4,
1329,7/19/2024,2,4,3,9,6,1,11000,45,4,
1330,7/19/2024,2,4,3,9,3,1,11000,45,4,
1331,7/19/2024,2,4,3,9,6,2,10500,45,4,
1332,7/19/2024,2,4,3,9,3,1,10500,45,4,
1333,7/19/2024,2,4,3,9,6,2,10500,45,4,
1334,7/19/2024,2,4,3,9,6,1,13500,60,4,
1335,7/20/2024,2,4,3,9,3,1,11000,45,4,
1336,7/20/2024,2,4,3,9,6,2,10500,45,4,
1337,7/20/2024,2,4,3,9,3,1,11000,45,4,
1338,7/20/2024,2,4,3,9,6,2,10500,45,4,
1339,7/20/2024,2,4,3,9,3,1,10500,45,4,
1340,7/20/2024,2,4,3,9,6,2,10500,45,4,
1341,7/20/2024,2,4,3,9,3,1,11000,45,4,
1342,7/20/2024,2,4,3,9,6,2,11000,45,4,
1343,7/20/2024,2,4,3,9,3,1,11000,45,4,
1344,7/20/2024,2,4,3,9,6,2,10500,45,4,
1345,7/20/2024,2,4,3,9,3,1,10500,45,4,
1346,7/20/2024,2,4,3,9,6,2,11000,45,4,
1347,7/20/2024,2,4,3,9,3,1,10500,45,4,
1348,7/20/2024,2,4,3,9,6,2,12500,55,4,
1349,7/21/2024,2,4,3,9,3,1,11500,50,4,
1350,7/21/2024,2,4,3,9,6,2,11000,50,4,
1351,7/21/2024,2,4,3,9,3,1,11000,50,4,
1352,7/21/2024,2,4,3,9,6,2,11500,50,4,
1353,7/21/2024,2,4,3,9,3,1,11500,50,4,
1354,7/21/2024,2,4,3,9,6,2,11500,50,4,
1355,7/21/2024,2,4,3,9,3,1,11500,50,4,
1356,7/21/2024,2,4,3,9,6,2,11500,50,4,
1357,7/21/2024,2,4,3,9,3,1,11500,50,4,
1358,7/21/2024,2,4,3,9,6,2,11500,50,4,
1359,7/21/2024,2,4,3,9,3,1,11500,50,4,
1360,7/21/2024,2,4,3,9,6,2,11500,50,4,
1361,8/8/2024,2,4,3,9,3,1,10500,45,4,
1362,8/8/2024,2,4,3,9,6,2,10000,45,4,
1363,8/8/2024,2,4,3,9,3,1,10500,45,4,
1364,8/8/2024,2,4,3,9,6,2,10500,45,4,
1365,8/8/2024,2,4,3,9,3,1,10500,45,4,
1366,8/8/2024,2,4,3,9,6,2,10500,45,4,
1367,8/8/2024,2,4,3,9,3,1,10500,45,4,
1368,8/8/2024,2,4,3,9,6,2,10500,45,4,
1369,8/8/2024,2,4,3,9,3,1,10500,45,4,
1370,8/8/2024,2,4,3,9,6,2,13000,60,4,
1371,8/9/2024,2,4,3,9,3,1,10500,45,4,
1372,8/9/2024,2,4,3,9,6,2,10500,45,4,
1373,8/9/2024,2,4,3,9,3,1,10500,45,4,
1374,8/9/2024,2,4,3,9,6,2,10500,45,4,
1375,8/9/2024,2,4,3,9,3,1,13000,60,4,
1376,8/9/2024,2,4,3,9,6,2,10500,45,4,
1377,8/9/2024,2,4,3,9,3,1,10500,45,4,
1378,8/9/2024,2,4,3,9,6,2,10500,45,4,
1379,8/9/2024,2,4,3,9,3,1,10500,45,4,
1380,8/9/2024,2,4,3,9,6,2,13500,60,4,
1381,8/9/2024,2,4,3,9,6,1,13000,60,4,
1382,8/10/2024,2,4,3,9,3,1,11500,50,4,
1383,8/10/2024,2,4,3,9,6,2,11500,50,4,
1384,8/10/2024,2,4,3,9,3,1,11500,50,4,
1385,8/10/2024,2,4,3,9,6,2,11000,50,4,
1386,8/10/2024,2,4,3,9,3,1,10500,45,4,
1387,8/10/2024,2,4,3,9,6,2,11000,45,4,
1388,8/10/2024,2,4,3,9,3,1,11500,50,4,
1389,8/10/2024,2,4,3,9,6,2,11500,50,4,
1390,8/10/2024,2,4,3,9,3,1,11500,50,4,
1391,8/10/2024,2,4,3,9,6,2,11000,45,4,
1392,8/10/2024,2,4,3,9,6,1,10500,45,4,
1393,8/11/2024,2,4,3,9,3,1,11500,50,4,
1394,8/11/2024,2,4,3,9,6,2,11500,50,4,
1395,8/11/2024,2,4,3,9,3,1,11500,50,4,
1396,8/11/2024,2,4,3,9,6,2,12000,50,4,
1397,8/11/2024,2,4,3,9,3,1,11500,50,4,
1398,8/11/2024,2,4,3,9,6,2,11500,50,4,
1399,8/11/2024,2,4,3,9,3,1,11500,50,4,
1400,8/11/2024,2,4,3,9,6,2,11500,50,4,
1401,8/11/2024,2,4,3,9,3,1,11500,50,4,
1402,8/11/2024,2,4,3,9,6,2,11500,50,4,
1403,8/11/2024,2,4,3,9,6,1,11000,45,4,
1404,8/14/2024,1,9,,9,6,1,13500,60,,
1405,8/14/2024,1,9,,9,6,1,13500,60,,
1406,8/14/2024,1,9,,9,6,1,14000,65,,
1407,8/14/2024,1,9,,9,6,1,13500,60,,
1408,8/16/2024,1,9,,7,6,1,17500,75,,
1409,8/17/2024,1,9,,7,6,1,16500,70,,
1410,8/17/2024,1,9,,7,3,1,17500,75,,
1411,8/25/2024,7,5,,9,3,2,13000,60,,
1412,8/25/2024,7,5,,9,6,2,13000,60,,
1413,9/11/2024,2,5,3,9,6,1,13000,60,4,
1414,9/11/2024,2,5,3,9,6,1,13000,60,4,
1415,9/11/2024,2,5,3,9,6,1,13000,60,4,
1416,9/11/2024,2,5,3,9,6,1,10500,45,4,
1417,9/12/2024,2,5,3,9,6,1,10500,45,4,
1418,9/13/2024,2,5,3,9,6,1,10500,45,4,
1419,9/13/2024,2,5,3,9,6,1,10500,45,4,
1420,9/13/2024,2,5,3,9,6,1,10500,45,4,
1421,9/13/2024,2,5,3,9,6,1,10500,45,4,
1422,9/13/2024,2,5,3,9,6,1,10500,45,4,
1423,9/13/2024,2,5,3,9,6,1,10500,45,4,
1424,9/13/2024,2,5,3,9,6,1,10500,45,4,
1425,9/14/2024,2,5,3,9,6,1,10500,45,4,
1426,9/14/2024,2,5,3,9,6,1,10500,45,4,
1427,9/14/2024,2,5,3,9,6,1,11000,45,4,
1428,9/14/2024,2,5,,9,6,1,13000,60,,
1429,9/14/2024,2,5,,9,6,1,13000,60,,
1430,9/15/2024,2,5,,9,6,1,13500,60,,
1431,9/15/2024,2,5,,9,6,1,13000,60,,
1432,9/15/2024,2,5,,9,3,1,13000,60,,
1433,9/15/2024,2,5,,9,6,2,13000,60,,
1434,9/15/2024,2,5,,9,3,1,13000,60,,
1435,9/15/2024,2,5,,9,6,2,13000,60,,
1436,9/15/2024,2,5,,9,3,1,13000,60,,
1437,9/16/2024,2,5,,9,6,2,13000,60,,
1438,9/16/2024,2,5,,9,3,1,13000,60,,
1439,9/16/2024,2,5,,9,6,2,13000,68,,
1440,9/18/2024,2,5,,9,6,1,11000,54,,
1441,9/18/2024,2,5,,9,6,1,11000,54,,
1442,9/18/2024,2,5,,9,6,1,11000,54,,
1443,11/2/2024,2,4,,9,6,1,13500,70,,
1444,11/2/2024,2,4,,9,6,1,13000,68,,
1445,11/4/2024,1,4,,8,6,1,13500,72,60,
1446,11/4/2024,1,4,,8,6,1,13500,71,60,
1447,11/4/2024,1,4,,9,6,1,15500,81,60,
1448,11/4/2024,1,4,,9,6,1,16000,83,60,
1449,11/5/2024,1,4,,9,6,1,15500,81,150,
1450,11/5/2024,1,4,,9,6,1,18000,95,150,
1451,11/5/2024,1,4,,9,6,1,16000,84,150,
1452,11/6/2024,1,4,,9,6,1,18000,95,150,
1453,11/6/2024,1,4,,9,6,1,18000,93,150,
1454,11/6/2024,1,4,,9,6,1,18000,95,150,
1455,12/14/2024,2,4,,9,6,1,13000,68,,
1456,12/14/2024,2,4,,9,6,1,13000,68,,
1457,12/14/2024,2,4,,9,6,1,13000,68,,
1458,12/21/2024,2,4,,9,6,1,13000,64,,
1459,1/24/2025,2,4,,9,6,2,13500,61,,
1460,1/24/2025,2,4,,9,6,2,13000,65,,
1461,1/24/2025,2,4,,9,6,2,13500,63,,
1462,1/24/2025,2,4,,9,6,2,13000,64,,
1463,1/25/2025,2,4,,8,6,2,13500,61,,
1464,1/25/2025,2,4,,9,6,2,13500,68,,
1465,1/26/2025,2,4,,9,6,2,13000,62,,
1466,1/26/2025,2,4,,9,3,2,12500,61,,
1467,1/31/2025,4,4,,9,3,14,5000,5,,Demo - Crossfire3 129
1468,1/31/2025,4,4,,9,6,14,5000,5,,Demo - Crossfire3 129
1469,2/1/2025,4,4,,9,6,14,5000,5,,Demo - Crossfire3 119
1470,2/1/2025,2,4,,9,6,14,13000,69,,Demo - Crossfire3 119
1471,2/2/2025,2,4,,9,6,14,13000,62,,Demo - Crossfire3 119
1472,2/2/2025,2,4,,9,6,14,12500,60,,Demo - Crossfire3 119
1473,2/7/2025,1,4,,9,6,2,13500,64,,
1474,2/7/2025,1,4,,9,6,2,13000,65,,
1475,2/7/2025,1,4,,9,6,2,13000,67,,
1476,2/7/2025,1,4,,8,6,2,13500,72,,
1477,2/7/2025,1,4,,8,6,2,13500,70,,
1478,2/8/2025,1,4,,8,6,2,16500,82,,
1479,2/8/2025,1,4,,8,6,2,16500,81,,
1480,2/8/2025,1,4,,8,6,2,16500,79,,
1481,2/8/2025,1,4,,8,6,2,16500,84,,
1482,2/8/2025,1,4,,8,6,2,16500,85,,
1483,2/9/2025,1,4,,8,6,2,16500,85,,
1484,2/9/2025,1,4,,8,6,2,16500,82,,
1485,2/9/2025,1,4,,8,6,2,16500,83,,
1486,2/9/2025,1,4,,8,6,2,16500,84,,
1487,2/9/2025,1,4,,8,6,2,16500,84,,
1488,2/25/2025,2,4,,9,6,2,13500,55,,Ash dive prep
1489,2/25/2025,2,4,,9,6,2,13500,55,,Ben Ninnemann
1490,3/28/2025,1,4,,9,6,2,13000,63,22,
1491,3/28/2025,1,4,,9,6,2,13000,68,22,
1492,3/28/2025,1,4,,9,6,2,13000,69,22,
1493,3/29/2025,1,4,,9,6,2,16000,84,44,
1494,3/29/2025,1,4,,8,6,2,16000,84,44,
1495,3/29/2025,1,4,,8,6,2,16000,83,44,
1496,3/30/2025,1,4,,9,6,2,16500,83,44,
1497,3/30/2025,1,4,,9,6,2,16000,82,44,
1498,3/30/2025,1,4,,9,6,2,16000,82,44,
1499,3/30/2025,1,4,,9,6,2,16000,82,44,
1500,3/30/2025,1,4,,9,6,2,16500,85,44,
1501,3/30/2025,1,4,,9,6,2,16500,86,44,
1502,5/24/2025,2,10,,9,6,2,13500,71,16,
1503,5/24/2025,2,10,,9,6,2,13000,69,16,
1504,5/24/2025,2,10,,9,6,2,13500,70,16,
1505,5/24/2025,2,10,,9,6,2,13500,70,16,
1506,5/24/2025,2,10,,9,6,2,13500,71,16,
1507,5/25/2025,2,10,,9,6,2,11000,58,14,
1508,5/25/2025,2,10,,9,,2,13500,71,14,
